episode,timestep,reward
1,200,33.0
3,400,139.0
5,600,82.5
7,800,184.0
9,1000,207.5
11,1200,167.5
13,1400,164.5
15,1600,95.0
17,1800,162.0
19,2000,98.0
21,2200,110.5
23,2400,126.0
25,2600,168.5
27,2800,134.0
29,3000,148.0
31,3200,197.5
33,3400,69.0
35,3600,106.0
37,3800,154.5
39,4000,129.0
41,4200,166.0
43,4400,133.5
45,4600,175.0
47,4800,161.5
49,5000,128.0
51,5200,169.5
53,5400,214.5
55,5600,188.0
57,5800,195.0
59,6000,167.0
61,6200,149.0
63,6400,157.0
65,6600,179.5
67,6800,117.0
69,7000,197.5
71,7200,129.0
73,7400,167.0
75,7600,173.5
77,7800,213.5
79,8000,180.5
81,8200,184.0
83,8400,230.0
85,8600,182.5
87,8800,133.0
89,9000,243.5
91,9200,233.0
93,9400,190.0
95,9600,113.5
97,9800,277.5
99,10000,178.5
101,10200,192.0
103,10400,175.0
105,10600,152.0
107,10800,171.5
109,11000,167.0
111,11200,200.0
113,11400,260.0
115,11600,204.0
117,11800,171.5
119,12000,164.0
121,12200,202.5
123,12400,114.0
125,12600,151.0
127,12800,204.5
129,13000,231.5
131,13200,190.0
133,13400,203.0
135,13600,186.0
137,13800,176.5
139,14000,127.0
141,14200,172.0
143,14400,197.0
145,14600,204.5
147,14800,240.5
149,15000,166.0
151,15200,191.5
153,15400,165.0
155,15600,226.5
157,15800,167.5
159,16000,292.5
161,16200,245.5
163,16400,199.5
165,16600,286.5
167,16800,234.0
169,17000,171.5
171,17200,166.0
173,17400,204.5
175,17600,158.5
177,17800,116.0
179,18000,164.5
181,18200,207.5
183,18400,194.5
185,18600,141.0
187,18800,152.5
189,19000,204.0
191,19200,158.0
193,19400,244.0
195,19600,169.5
197,19800,183.5
199,20000,261.5
201,20200,197.0
203,20400,339.0
205,20600,205.0
207,20800,185.5
209,21000,198.0
211,21200,161.5
213,21400,111.0
215,21600,192.0
217,21800,200.0
219,22000,208.5
221,22200,208.0
223,22400,140.0
225,22600,138.0
227,22800,228.0
229,23000,144.0
231,23200,204.5
233,23400,192.0
235,23600,193.5
237,23800,232.0
239,24000,201.0
241,24200,148.5
243,24400,202.5
245,24600,191.0
247,24800,196.0
249,25000,157.5
251,25200,174.0
253,25400,149.0
255,25600,174.5
257,25800,196.0
259,26000,161.5
261,26200,204.5
263,26400,171.0
265,26600,149.5
267,26800,208.5
269,27000,204.5
271,27200,127.0
273,27400,165.5
275,27600,192.5
277,27800,130.0
279,28000,182.0
281,28200,225.0
283,28400,162.0
285,28600,208.5
287,28800,252.0
289,29000,229.5
291,29200,160.5
293,29400,226.0
295,29600,197.0
297,29800,155.0
299,30000,218.5
301,30200,130.0
303,30400,160.0
305,30600,202.5
307,30800,184.0
309,31000,202.5
311,31200,248.0
313,31400,223.0
315,31600,149.0
317,31800,176.5
319,32000,254.5
321,32200,164.0
323,32400,303.5
325,32600,224.5
327,32800,303.5
329,33000,194.5
331,33200,258.0
333,33400,267.5
335,33600,253.5
337,33800,192.5
339,34000,176.0
341,34200,200.0
343,34400,307.5
345,34600,184.0
347,34800,215.0
349,35000,214.0
351,35200,231.0
353,35400,218.0
355,35600,168.0
357,35800,142.5
359,36000,204.5
361,36200,227.5
363,36400,190.0
365,36600,239.5
367,36800,225.0
369,37000,190.0
371,37200,173.0
373,37400,196.0
375,37600,211.5
377,37800,128.0
379,38000,148.5
381,38200,205.5
383,38400,227.0
385,38600,216.5
387,38800,227.5
389,39000,220.0
391,39200,231.5
393,39400,255.0
395,39600,168.5
397,39800,168.0
399,40000,191.5
401,40200,240.5
403,40400,194.0
405,40600,221.5
407,40800,245.0
409,41000,191.5
411,41200,209.5
413,41400,235.0
415,41600,150.5
417,41800,228.5
419,42000,129.5
421,42200,206.5
423,42400,169.0
425,42600,167.0
427,42800,301.5
429,43000,211.0
431,43200,291.0
433,43400,247.0
435,43600,236.0
437,43800,141.0
439,44000,210.0
441,44200,187.5
443,44400,163.5
445,44600,128.5
447,44800,190.0
449,45000,141.5
451,45200,236.5
453,45400,214.0
455,45600,223.0
457,45800,200.5
459,46000,210.0
461,46200,206.0
463,46400,274.5
465,46600,175.5
467,46800,239.0
469,47000,189.0
471,47200,256.5
473,47400,193.5
475,47600,214.0
477,47800,217.5
479,48000,230.5
481,48200,235.0
483,48400,177.0
485,48600,182.5
487,48800,201.5
489,49000,187.5
491,49200,194.5
493,49400,168.5
495,49600,261.5
497,49800,188.5
499,50000,188.0
501,50200,190.5
503,50400,169.0
505,50600,134.0
507,50800,310.0
509,51000,210.0
511,51200,159.0
513,51400,190.0
515,51600,126.5
517,51800,186.5
519,52000,191.5
521,52200,182.5
523,52400,217.5
525,52600,245.0
527,52800,244.0
529,53000,155.5
531,53200,239.5
533,53400,231.0
535,53600,196.5
537,53800,172.5
539,54000,155.5
541,54200,243.5
543,54400,196.0
545,54600,191.0
547,54800,233.0
549,55000,267.0
551,55200,182.5
553,55400,188.0
555,55600,201.0
557,55800,97.0
559,56000,242.5
561,56200,112.0
563,56400,189.0
565,56600,244.5
567,56800,134.0
569,57000,256.5
571,57200,128.0
573,57400,171.0
575,57600,204.5
577,57800,215.5
579,58000,215.0
581,58200,195.0
583,58400,213.0
585,58600,187.0
587,58800,132.5
589,59000,244.0
591,59200,112.5
593,59400,194.0
595,59600,258.0
597,59800,189.5
599,60000,215.0
601,60200,241.0
603,60400,227.5
605,60600,196.0
607,60800,302.5
609,61000,243.5
611,61200,124.0
613,61400,182.0
615,61600,288.5
617,61800,154.5
619,62000,185.0
621,62200,157.0
623,62400,302.0
625,62600,210.5
627,62800,199.5
629,63000,227.0
631,63200,169.5
633,63400,205.5
635,63600,204.0
637,63800,161.0
639,64000,243.0
641,64200,182.5
643,64400,173.0
645,64600,196.5
647,64800,246.0
649,65000,214.0
651,65200,191.5
653,65400,258.5
655,65600,217.0
657,65800,139.0
659,66000,173.0
661,66200,190.0
663,66400,257.5
665,66600,187.0
667,66800,205.0
669,67000,236.5
671,67200,251.5
673,67400,312.0
675,67600,272.0
677,67800,171.5
679,68000,212.0
681,68200,227.0
683,68400,241.5
685,68600,231.0
687,68800,201.5
689,69000,177.5
691,69200,176.5
693,69400,177.0
695,69600,215.5
697,69800,204.0
699,70000,242.5
701,70200,212.5
703,70400,215.5
705,70600,235.5
707,70800,199.5
709,71000,99.5
711,71200,192.0
713,71400,191.0
715,71600,331.0
717,71800,225.5
719,72000,273.5
721,72200,233.0
723,72400,248.0
725,72600,235.0
727,72800,225.0
729,73000,261.0
731,73200,218.0
733,73400,237.0
735,73600,168.0
737,73800,192.0
739,74000,221.0
741,74200,145.0
743,74400,222.0
745,74600,199.5
747,74800,211.5
749,75000,206.0
751,75200,169.5
753,75400,207.0
755,75600,190.5
757,75800,236.0
759,76000,185.5
761,76200,210.0
763,76400,268.5
765,76600,226.0
767,76800,203.5
769,77000,264.0
771,77200,256.5
773,77400,325.5
775,77600,201.5
777,77800,227.5
779,78000,235.5
781,78200,206.0
783,78400,175.5
785,78600,260.0
787,78800,181.5
789,79000,235.0
791,79200,251.0
793,79400,192.5
795,79600,263.0
797,79800,215.5
799,80000,281.0
801,80200,139.5
803,80400,211.0
805,80600,168.0
807,80800,178.5
809,81000,190.5
811,81200,220.5
813,81400,284.0
815,81600,303.0
817,81800,193.0
819,82000,201.5
821,82200,213.5
823,82400,189.0
825,82600,205.0
827,82800,198.0
829,83000,228.0
831,83200,231.5
833,83400,229.0
835,83600,173.0
837,83800,215.0
839,84000,114.0
841,84200,123.5
843,84400,270.0
845,84600,224.0
847,84800,179.0
849,85000,181.0
851,85200,128.5
853,85400,215.5
855,85600,132.0
857,85800,277.5
859,86000,101.0
861,86200,244.0
863,86400,288.5
865,86600,129.0
867,86800,195.5
869,87000,241.5
871,87200,218.5
873,87400,254.0
875,87600,130.0
877,87800,295.5
879,88000,165.5
881,88200,98.0
883,88400,92.0
885,88600,214.5
887,88800,186.0
889,89000,198.0
891,89200,178.5
893,89400,247.5
895,89600,132.5
897,89800,175.0
899,90000,279.0
901,90200,205.0
903,90400,145.5
905,90600,230.0
907,90800,238.0
909,91000,98.0
911,91200,167.5
913,91400,166.5
915,91600,204.5
917,91800,169.0
919,92000,179.5
921,92200,213.5
923,92400,192.0
925,92600,178.5
927,92800,192.5
929,93000,156.0
931,93200,292.5
933,93400,215.5
935,93600,231.0
937,93800,279.0
939,94000,176.5
941,94200,215.5
943,94400,240.5
945,94600,237.5
947,94800,143.5
949,95000,124.0
951,95200,216.5
953,95400,234.0
955,95600,207.0
957,95800,176.0
959,96000,136.0
961,96200,232.5
963,96400,202.5
965,96600,253.0
967,96800,169.0
969,97000,253.0
971,97200,213.5
973,97400,203.5
975,97600,190.0
977,97800,242.0
979,98000,217.5
981,98200,227.0
983,98400,162.0
985,98600,155.5
987,98800,158.5
989,99000,114.0
991,99200,237.0
993,99400,157.0
995,99600,216.0
997,99800,83.0
999,100000,142.0
1001,100200,236.0
1003,100400,316.5
1005,100600,127.5
1007,100800,210.0
1009,101000,179.0
1011,101200,176.0
1013,101400,149.0
1015,101600,187.5
1017,101800,129.0
1019,102000,316.5
1021,102200,114.0
1023,102400,192.0
1025,102600,223.0
1027,102800,226.0
1029,103000,114.5
1031,103200,217.0
1033,103400,178.5
1035,103600,145.5
1037,103800,188.5
1039,104000,187.5
1041,104200,278.0
1043,104400,270.0
1045,104600,117.0
1047,104800,180.0
1049,105000,187.5
1051,105200,280.5
1053,105400,212.5
1055,105600,149.0
1057,105800,217.5
1059,106000,171.0
1061,106200,188.5
1063,106400,243.0
1065,106600,171.5
1067,106800,105.5
1069,107000,62.5
1071,107200,177.5
1073,107400,171.0
1075,107600,135.0
1077,107800,268.0
1079,108000,268.5
1081,108200,121.0
1083,108400,201.5
1085,108600,114.5
1087,108800,130.0
1089,109000,169.0
1091,109200,220.0
1093,109400,172.0
1095,109600,192.0
1097,109800,202.0
1099,110000,232.0
1101,110200,173.0
1103,110400,156.0
1105,110600,234.5
1107,110800,222.5
1109,111000,161.5
1111,111200,182.0
1113,111400,170.5
1115,111600,144.5
1117,111800,166.5
1119,112000,108.0
1121,112200,178.5
1123,112400,116.5
1125,112600,165.5
1127,112800,229.0
1129,113000,167.0
1131,113200,173.0
1133,113400,205.0
1135,113600,227.5
1137,113800,274.5
1139,114000,210.0
1141,114200,198.0
1143,114400,170.0
1145,114600,158.5
1147,114800,180.5
1149,115000,281.0
1151,115200,155.5
1153,115400,220.5
1155,115600,140.0
1157,115800,143.5
1159,116000,221.0
1161,116200,176.0
1163,116400,163.5
1165,116600,180.0
1167,116800,168.5
1169,117000,171.5
1171,117200,258.0
1173,117400,220.5
1175,117600,152.5
1177,117800,182.0
1179,118000,252.5
1181,118200,99.0
1183,118400,179.0
1185,118600,216.5
1187,118800,241.0
1189,119000,212.0
1191,119200,209.5
1193,119400,258.5
1195,119600,171.0
1197,119800,199.5
1199,120000,237.0
1201,120200,247.5
1203,120400,199.5
1205,120600,254.0
1207,120800,146.5
1209,121000,182.5
1211,121200,89.5
1213,121400,255.5
1215,121600,139.5
1217,121800,163.0
1219,122000,267.0
1221,122200,297.5
1223,122400,193.5
1225,122600,238.0
1227,122800,187.5
1229,123000,250.5
1231,123200,202.5
1233,123400,141.5
1235,123600,151.0
1237,123800,171.5
1239,124000,185.5
1241,124200,261.0
1243,124400,149.5
1245,124600,196.0
1247,124800,191.5
1249,125000,255.0
1251,125200,97.5
1253,125400,168.5
1255,125600,159.0
1257,125800,149.0
1259,126000,168.5
1261,126200,136.0
1263,126400,240.5
1265,126600,236.0
1267,126800,224.0
1269,127000,202.5
1271,127200,202.0
1273,127400,173.0
1275,127600,178.0
1277,127800,142.5
1279,128000,301.0
1281,128200,112.5
1283,128400,176.5
1285,128600,134.0
1287,128800,269.0
1289,129000,250.5
1291,129200,203.5
1293,129400,260.5
1295,129600,159.5
1297,129800,172.0
1299,130000,168.5
1301,130200,126.5
1303,130400,254.5
1305,130600,196.5
1307,130800,195.0
1309,131000,178.5
1311,131200,150.0
1313,131400,250.0
1315,131600,172.0
1317,131800,214.0
1319,132000,201.5
1321,132200,181.5
1323,132400,152.5
1325,132600,186.0
1327,132800,220.5
1329,133000,239.5
1331,133200,135.5
1333,133400,255.0
1335,133600,166.5
1337,133800,213.5
1339,134000,152.0
1341,134200,141.5
1343,134400,208.0
1345,134600,159.0
1347,134800,201.5
1349,135000,240.5
1351,135200,222.0
1353,135400,271.0
1355,135600,152.0
1357,135800,202.0
1359,136000,226.5
1361,136200,148.5
1363,136400,177.0
1365,136600,242.5
1367,136800,197.5
1369,137000,209.0
1371,137200,146.0
1373,137400,245.0
1375,137600,248.5
1377,137800,173.0
1379,138000,135.0
1381,138200,183.0
1383,138400,222.5
1385,138600,204.0
1387,138800,223.5
1389,139000,185.0
1391,139200,153.0
1393,139400,217.0
1395,139600,170.5
1397,139800,227.0
1399,140000,179.0
1401,140200,169.0
1403,140400,198.5
1405,140600,223.5
1407,140800,238.5
1409,141000,190.5
1411,141200,240.5
1413,141400,205.5
1415,141600,125.5
1417,141800,180.5
1419,142000,131.5
1421,142200,207.0
1423,142400,208.0
1425,142600,183.0
1427,142800,219.0
1429,143000,190.0
1431,143200,188.5
1433,143400,134.0
1435,143600,169.0
1437,143800,195.0
1439,144000,189.5
1441,144200,173.5
1443,144400,228.0
1445,144600,147.5
1447,144800,304.5
1449,145000,181.0
1451,145200,217.5
1453,145400,268.0
1455,145600,262.0
1457,145800,228.5
1459,146000,199.5
1461,146200,234.5
1463,146400,196.5
1465,146600,240.0
1467,146800,180.0
1469,147000,309.5
1471,147200,251.5
1473,147400,246.5
1475,147600,207.0
1477,147800,226.0
1479,148000,199.0
1481,148200,243.5
1483,148400,240.5
1485,148600,221.5
1487,148800,225.0
1489,149000,253.0
1491,149200,227.0
1493,149400,196.5
1495,149600,205.0
1497,149800,223.5
1499,150000,210.5
1501,150200,155.0
1503,150400,179.0
1505,150600,237.0
1507,150800,204.5
1509,151000,178.0
1511,151200,308.5
1513,151400,225.5
1515,151600,217.5
1517,151800,174.0
1519,152000,177.5
1521,152200,171.0
1523,152400,175.5
1525,152600,160.5
1527,152800,116.0
1529,153000,222.0
1531,153200,168.5
1533,153400,106.5
1535,153600,184.0
1537,153800,174.5
1539,154000,204.5
1541,154200,168.0
1543,154400,246.0
1545,154600,190.0
1547,154800,213.5
1549,155000,135.0
1551,155200,159.0
1553,155400,175.5
1555,155600,198.0
1557,155800,103.0
1559,156000,246.5
1561,156200,153.0
1563,156400,124.5
1565,156600,153.0
1567,156800,231.0
1569,157000,235.5
1571,157200,178.5
1573,157400,254.5
1575,157600,232.5
1577,157800,215.5
1579,158000,174.0
1581,158200,127.0
1583,158400,167.5
1585,158600,193.5
1587,158800,93.5
1589,159000,266.0
1591,159200,176.0
1593,159400,183.0
1595,159600,164.0
1597,159800,221.5
1599,160000,245.5
1601,160200,215.5
1603,160400,203.0
1605,160600,222.0
1607,160800,208.0
1609,161000,175.5
1611,161200,174.0
1613,161400,157.0
1615,161600,192.5
1617,161800,144.5
1619,162000,235.5
1621,162200,200.5
1623,162400,253.5
1625,162600,203.0
1627,162800,157.0
1629,163000,215.0
1631,163200,165.0
1633,163400,93.0
1635,163600,148.5
1637,163800,201.5
1639,164000,226.5
1641,164200,176.0
1643,164400,338.5
1645,164600,138.0
1647,164800,275.0
1649,165000,253.0
1651,165200,129.5
1653,165400,175.5
1655,165600,251.5
1657,165800,166.5
1659,166000,228.5
1661,166200,181.5
1663,166400,137.0
1665,166600,289.0
1667,166800,217.5
1669,167000,194.5
1671,167200,234.5
1673,167400,235.5
1675,167600,262.0
1677,167800,215.0
1679,168000,126.5
1681,168200,195.0
1683,168400,228.5
1685,168600,219.5
1687,168800,206.0
1689,169000,344.0
1691,169200,262.0
1693,169400,228.0
1695,169600,198.0
1697,169800,178.5
1699,170000,244.5
1701,170200,149.5
1703,170400,258.0
1705,170600,216.0
1707,170800,158.0
1709,171000,243.5
1711,171200,226.5
1713,171400,287.5
1715,171600,251.5
1717,171800,215.0
1719,172000,215.0
1721,172200,235.5
1723,172400,244.0
1725,172600,261.0
1727,172800,197.0
1729,173000,275.5
1731,173200,163.5
1733,173400,195.0
1735,173600,199.0
1737,173800,221.0
1739,174000,208.5
1741,174200,198.0
1743,174400,244.0
1745,174600,251.5
1747,174800,237.5
1749,175000,251.5
1751,175200,261.0
1753,175400,231.0
1755,175600,295.5
1757,175800,272.0
1759,176000,175.5
1761,176200,243.0
1763,176400,176.0
1765,176600,220.5
1767,176800,225.0
1769,177000,246.0
1771,177200,201.5
1773,177400,236.0
1775,177600,228.0
1777,177800,242.0
1779,178000,202.0
1781,178200,190.0
1783,178400,325.0
1785,178600,220.0
1787,178800,220.0
1789,179000,243.5
1791,179200,178.0
1793,179400,266.0
1795,179600,173.0
1797,179800,152.0
1799,180000,275.5
1801,180200,223.0
1803,180400,138.5
1805,180600,181.5
1807,180800,148.0
1809,181000,208.0
1811,181200,223.5
1813,181400,189.5
1815,181600,176.5
1817,181800,156.0
1819,182000,217.0
1821,182200,189.0
1823,182400,269.5
1825,182600,169.0
1827,182800,222.5
1829,183000,329.5
1831,183200,249.5
1833,183400,230.0
1835,183600,215.0
1837,183800,208.5
1839,184000,208.5
1841,184200,194.5
1843,184400,213.0
1845,184600,239.0
1847,184800,220.0
1849,185000,203.5
1851,185200,191.5
1853,185400,267.5
1855,185600,212.5
1857,185800,257.5
1859,186000,242.5
1861,186200,264.5
1863,186400,330.5
1865,186600,234.5
1867,186800,175.5
1869,187000,165.5
1871,187200,167.0
1873,187400,204.0
1875,187600,171.5
1877,187800,261.5
1879,188000,162.5
1881,188200,187.5
1883,188400,139.0
1885,188600,198.0
1887,188800,249.5
1889,189000,289.0
1891,189200,258.0
1893,189400,236.0
1895,189600,170.5
1897,189800,178.5
1899,190000,223.0
1901,190200,209.5
1903,190400,193.5
1905,190600,167.5
1907,190800,218.5
1909,191000,195.0
1911,191200,140.0
1913,191400,219.0
1915,191600,142.5
1917,191800,260.0
1919,192000,184.5
1921,192200,238.0
1923,192400,286.5
1925,192600,183.5
1927,192800,232.5
1929,193000,242.0
1931,193200,142.5
1933,193400,197.5
1935,193600,295.5
1937,193800,267.0
1939,194000,291.0
1941,194200,172.0
1943,194400,192.0
1945,194600,195.5
1947,194800,226.0
1949,195000,206.0
1951,195200,143.5
1953,195400,210.0
1955,195600,168.5
1957,195800,224.0
1959,196000,219.0
1961,196200,224.0
1963,196400,269.5
1965,196600,233.0
1967,196800,218.5
1969,197000,178.5
1971,197200,208.0
1973,197400,215.5
1975,197600,223.5
1977,197800,207.0
1979,198000,164.0
1981,198200,298.5
1983,198400,275.0
1985,198600,194.5
1987,198800,188.5
1989,199000,236.5
1991,199200,170.0
1993,199400,232.0
1995,199600,189.0
1997,199800,186.0
1999,200000,221.5
2001,200200,155.5
2003,200400,239.0
2005,200600,154.0
2007,200800,164.5
2009,201000,169.0
2011,201200,186.0
2013,201400,268.5
2015,201600,247.5
2017,201800,173.5
2019,202000,244.0
2021,202200,189.0
2023,202400,124.5
2025,202600,199.5
2027,202800,183.5
2029,203000,240.0
2031,203200,131.0
2033,203400,227.0
2035,203600,197.5
2037,203800,201.0
2039,204000,250.0
2041,204200,212.0
2043,204400,227.5
2045,204600,200.5
2047,204800,355.5
2049,205000,165.0
2051,205200,228.5
2053,205400,230.0
2055,205600,271.0
2057,205800,256.0
2059,206000,220.0
2061,206200,155.0
2063,206400,247.0
2065,206600,233.0
2067,206800,302.0
2069,207000,216.5
2071,207200,170.5
2073,207400,226.0
2075,207600,252.5
2077,207800,193.0
2079,208000,177.0
2081,208200,283.0
2083,208400,232.0
2085,208600,218.0
2087,208800,168.5
2089,209000,176.5
2091,209200,190.0
2093,209400,302.0
2095,209600,240.0
2097,209800,203.5
2099,210000,290.5
2101,210200,210.0
2103,210400,268.0
2105,210600,135.5
2107,210800,252.0
2109,211000,259.0
2111,211200,227.5
2113,211400,150.5
2115,211600,242.5
2117,211800,282.5
2119,212000,298.5
2121,212200,152.5
2123,212400,176.0
2125,212600,259.5
2127,212800,206.5
2129,213000,273.0
2131,213200,152.0
2133,213400,207.0
2135,213600,63.5
2137,213800,246.0
2139,214000,267.0
2141,214200,202.5
2143,214400,283.5
2145,214600,179.0
2147,214800,126.0
2149,215000,131.5
2151,215200,179.0
2153,215400,271.0
2155,215600,246.5
2157,215800,244.0
2159,216000,221.5
2161,216200,89.5
2163,216400,144.5
2165,216600,250.0
2167,216800,257.0
2169,217000,207.5
2171,217200,298.5
2173,217400,200.5
2175,217600,266.5
2177,217800,159.0
2179,218000,170.0
2181,218200,187.0
2183,218400,184.5
2185,218600,212.5
2187,218800,180.5
2189,219000,193.5
2191,219200,275.0
2193,219400,243.0
2195,219600,234.5
2197,219800,241.5
2199,220000,215.5
2201,220200,279.5
2203,220400,208.5
2205,220600,287.0
2207,220800,256.0
2209,221000,231.5
2211,221200,203.0
2213,221400,202.5
2215,221600,214.5
2217,221800,198.0
2219,222000,195.5
2221,222200,140.5
2223,222400,293.0
2225,222600,313.5
2227,222800,276.5
2229,223000,242.5
2231,223200,295.5
2233,223400,212.5
2235,223600,271.0
2237,223800,203.0
2239,224000,199.0
2241,224200,212.0
2243,224400,204.5
2245,224600,224.5
2247,224800,354.0
2249,225000,208.5
2251,225200,207.0
2253,225400,215.0
2255,225600,218.0
2257,225800,186.0
2259,226000,300.5
2261,226200,186.5
2263,226400,231.5
2265,226600,182.0
2267,226800,227.0
2269,227000,224.0
2271,227200,221.5
2273,227400,178.5
2275,227600,293.0
2277,227800,150.5
2279,228000,158.0
2281,228200,210.5
2283,228400,157.5
2285,228600,263.5
2287,228800,206.5
2289,229000,216.5
2291,229200,223.0
2293,229400,220.0
2295,229600,281.5
2297,229800,272.0
2299,230000,230.0
2301,230200,184.5
2303,230400,200.5
2305,230600,250.5
2307,230800,235.0
2309,231000,348.0
2311,231200,188.0
2313,231400,154.5
2315,231600,280.0
2317,231800,243.0
2319,232000,144.0
2321,232200,180.0
2323,232400,180.0
2325,232600,222.0
2327,232800,139.5
2329,233000,241.0
2331,233200,223.5
2333,233400,163.5
2335,233600,198.5
2337,233800,323.0
2339,234000,219.5
2341,234200,165.0
2343,234400,238.0
2345,234600,149.0
2347,234800,247.5
2349,235000,97.0
2351,235200,164.5
2353,235400,184.0
2355,235600,265.0
2357,235800,152.5
2359,236000,199.5
2361,236200,131.5
2363,236400,245.0
2365,236600,272.5
2367,236800,263.0
2369,237000,178.0
2371,237200,176.0
2373,237400,176.0
2375,237600,356.5
2377,237800,259.0
2379,238000,198.5
2381,238200,280.0
2383,238400,106.5
2385,238600,163.0
2387,238800,223.0
2389,239000,130.5
2391,239200,283.0
2393,239400,201.5
2395,239600,241.0
2397,239800,196.0
2399,240000,172.0
2401,240200,250.0
2403,240400,265.0
2405,240600,276.0
2407,240800,212.5
2409,241000,195.5
2411,241200,249.5
2413,241400,220.0
2415,241600,297.5
2417,241800,245.5
2419,242000,165.5
2421,242200,203.5
2423,242400,243.0
2425,242600,270.0
2427,242800,212.0
2429,243000,259.5
2431,243200,137.5
2433,243400,177.0
2435,243600,254.5
2437,243800,204.0
2439,244000,158.5
2441,244200,243.5
2443,244400,259.0
2445,244600,238.0
2447,244800,269.0
2449,245000,284.5
2451,245200,254.0
2453,245400,253.0
2455,245600,137.5
2457,245800,210.0
2459,246000,178.0
2461,246200,162.5
2463,246400,229.5
2465,246600,234.5
2467,246800,300.5
2469,247000,204.0
2471,247200,313.5
2473,247400,237.5
2475,247600,230.5
2477,247800,110.0
2479,248000,164.5
2481,248200,219.0
2483,248400,220.5
2485,248600,242.5
2487,248800,164.5
2489,249000,231.5
2491,249200,269.0
2493,249400,178.0
2495,249600,171.0
2497,249800,178.5
2499,250000,216.0
2501,250200,201.0
2503,250400,198.5
2505,250600,229.0
2507,250800,190.0
2509,251000,180.5
2511,251200,182.5
2513,251400,217.0
2515,251600,207.5
2517,251800,221.5
2519,252000,186.0
2521,252200,235.5
2523,252400,158.5
2525,252600,221.5
2527,252800,247.5
2529,253000,184.5
2531,253200,179.5
2533,253400,229.5
2535,253600,143.5
2537,253800,254.0
2539,254000,200.0
2541,254200,176.5
2543,254400,190.0
2545,254600,136.5
2547,254800,122.0
2549,255000,301.5
2551,255200,237.5
2553,255400,239.0
2555,255600,200.5
2557,255800,212.5
2559,256000,177.0
2561,256200,185.0
2563,256400,235.0
2565,256600,158.0
2567,256800,218.0
2569,257000,214.5
2571,257200,286.0
2573,257400,259.0
2575,257600,201.0
2577,257800,134.0
2579,258000,162.0
2581,258200,269.0
2583,258400,189.5
2585,258600,179.0
2587,258800,273.0
2589,259000,237.0
2591,259200,203.5
2593,259400,231.0
2595,259600,200.0
2597,259800,236.5
2599,260000,181.5
2601,260200,256.5
2603,260400,219.5
2605,260600,235.5
2607,260800,124.0
2609,261000,245.0
2611,261200,166.5
2613,261400,240.5
2615,261600,231.5
2617,261800,174.5
2619,262000,220.5
2621,262200,124.5
2623,262400,226.0
2625,262600,203.0
2627,262800,218.0
2629,263000,173.5
2631,263200,234.0
2633,263400,219.0
2635,263600,254.0
2637,263800,215.5
2639,264000,201.0
2641,264200,220.5
2643,264400,220.0
2645,264600,163.0
2647,264800,202.5
2649,265000,278.5
2651,265200,191.5
2653,265400,252.5
2655,265600,227.5
2657,265800,186.0
2659,266000,234.0
2661,266200,213.0
2663,266400,224.0
2665,266600,268.0
2667,266800,212.5
2669,267000,257.0
2671,267200,208.0
2673,267400,199.5
2675,267600,296.5
2677,267800,171.0
2679,268000,196.0
2681,268200,239.0
2683,268400,312.0
2685,268600,267.0
2687,268800,242.5
2689,269000,232.5
2691,269200,295.0
2693,269400,286.0
2695,269600,238.0
2697,269800,232.5
2699,270000,209.5
2701,270200,193.0
2703,270400,238.0
2705,270600,229.5
2707,270800,229.5
2709,271000,269.0
2711,271200,191.0
2713,271400,218.0
2715,271600,260.5
2717,271800,274.5
2719,272000,184.0
2721,272200,235.5
2723,272400,173.5
2725,272600,207.5
2727,272800,267.5
2729,273000,183.0
2731,273200,243.0
2733,273400,329.0
2735,273600,256.0
2737,273800,260.0
2739,274000,263.5
2741,274200,237.5
2743,274400,227.0
2745,274600,187.0
2747,274800,275.0
2749,275000,257.5
2751,275200,189.0
2753,275400,234.0
2755,275600,232.0
2757,275800,164.0
2759,276000,225.0
2761,276200,238.5
2763,276400,262.5
2765,276600,200.0
2767,276800,341.0
2769,277000,245.5
2771,277200,266.5
2773,277400,250.5
2775,277600,247.0
2777,277800,244.5
2779,278000,178.5
2781,278200,228.5
2783,278400,183.0
2785,278600,173.0
2787,278800,288.5
2789,279000,259.5
2791,279200,136.5
2793,279400,176.0
2795,279600,220.0
2797,279800,221.0
2799,280000,204.5
2801,280200,206.5
2803,280400,212.0
2805,280600,330.5
2807,280800,259.0
2809,281000,206.0
2811,281200,226.5
2813,281400,210.0
2815,281600,292.5
2817,281800,254.5
2819,282000,240.5
2821,282200,277.5
2823,282400,233.5
2825,282600,177.5
2827,282800,245.5
2829,283000,234.5
2831,283200,230.0
2833,283400,258.0
2835,283600,227.0
2837,283800,267.5
2839,284000,241.0
2841,284200,177.0
2843,284400,256.5
2845,284600,286.5
2847,284800,196.0
2849,285000,225.0
2851,285200,272.0
2853,285400,235.5
2855,285600,181.0
2857,285800,227.0
2859,286000,255.0
2861,286200,272.0
2863,286400,218.0
2865,286600,270.0
2867,286800,271.5
2869,287000,177.5
2871,287200,254.0
2873,287400,260.0
2875,287600,225.0
2877,287800,260.0
2879,288000,288.5
2881,288200,201.5
2883,288400,230.5
2885,288600,231.5
2887,288800,222.5
2889,289000,194.5
2891,289200,186.0
2893,289400,286.5
2895,289600,222.5
2897,289800,233.5
2899,290000,246.0
2901,290200,215.0
2903,290400,193.0
2905,290600,140.0
2907,290800,211.0
2909,291000,259.0
2911,291200,287.0
2913,291400,222.5
2915,291600,251.5
2917,291800,239.5
2919,292000,205.5
2921,292200,203.5
2923,292400,246.5
2925,292600,206.5
2927,292800,288.5
2929,293000,217.0
2931,293200,302.5
2933,293400,269.5
2935,293600,230.5
2937,293800,189.5
2939,294000,227.5
2941,294200,275.0
2943,294400,191.0
2945,294600,179.0
2947,294800,223.0
2949,295000,129.0
2951,295200,166.0
2953,295400,213.5
2955,295600,275.0
2957,295800,249.5
2959,296000,176.0
2961,296200,181.5
2963,296400,229.5
2965,296600,189.0
2967,296800,267.5
2969,297000,240.0
2971,297200,240.0
2973,297400,237.5
2975,297600,294.0
2977,297800,215.5
2979,298000,273.0
2981,298200,262.5
2983,298400,192.5
2985,298600,246.0
2987,298800,276.5
2989,299000,210.5
2991,299200,244.5
2993,299400,249.5
2995,299600,268.5
2997,299800,287.5
2999,300000,220.5
3001,300200,232.0
3003,300400,184.5
3005,300600,176.5
3007,300800,166.5
3009,301000,184.5
3011,301200,270.0
3013,301400,247.0
3015,301600,240.0
3017,301800,138.0
3019,302000,211.5
3021,302200,209.5
3023,302400,158.5
3025,302600,254.5
3027,302800,276.0
3029,303000,210.0
3031,303200,237.0
3033,303400,172.5
3035,303600,242.5
3037,303800,187.0
3039,304000,206.5
3041,304200,245.0
3043,304400,164.0
3045,304600,245.0
3047,304800,260.0
3049,305000,249.5
3051,305200,253.5
3053,305400,292.5
3055,305600,261.5
3057,305800,210.0
3059,306000,228.5
3061,306200,193.0
3063,306400,218.5
3065,306600,276.5
3067,306800,218.5
3069,307000,151.0
3071,307200,255.0
3073,307400,238.5
3075,307600,181.5
3077,307800,230.0
3079,308000,219.5
3081,308200,199.5
3083,308400,163.5
3085,308600,86.0
3087,308800,235.0
3089,309000,163.5
3091,309200,259.5
3093,309400,173.0
3095,309600,225.0
3097,309800,218.0
3099,310000,198.5
3101,310200,188.5
3103,310400,196.0
3105,310600,277.0
3107,310800,272.5
3109,311000,231.5
3111,311200,217.5
3113,311400,257.5
3115,311600,165.0
3117,311800,274.5
3119,312000,153.0
3121,312200,181.5
3123,312400,239.5
3125,312600,185.0
3127,312800,303.0
3129,313000,210.5
3131,313200,179.0
3133,313400,170.0
3135,313600,225.0
3137,313800,257.0
3139,314000,181.5
3141,314200,195.5
3143,314400,238.0
3145,314600,249.0
3147,314800,206.5
3149,315000,196.5
3151,315200,180.0
3153,315400,237.5
3155,315600,284.0
3157,315800,191.0
3159,316000,241.0
3161,316200,225.0
3163,316400,206.0
3165,316600,194.5
3167,316800,174.0
3169,317000,210.5
3171,317200,226.0
3173,317400,115.5
3175,317600,243.5
3177,317800,257.5
3179,318000,182.5
3181,318200,204.0
3183,318400,242.5
3185,318600,208.5
3187,318800,210.0
3189,319000,144.0
3191,319200,295.0
3193,319400,212.0
3195,319600,173.5
3197,319800,262.0
3199,320000,276.5
3201,320200,193.5
3203,320400,234.5
3205,320600,225.5
3207,320800,223.5
3209,321000,141.0
3211,321200,267.0
3213,321400,206.5
3215,321600,268.5
3217,321800,259.0
3219,322000,155.5
3221,322200,143.5
3223,322400,149.5
3225,322600,231.5
3227,322800,172.5
3229,323000,204.5
3231,323200,297.0
3233,323400,177.0
3235,323600,280.5
3237,323800,159.0
3239,324000,228.0
3241,324200,285.5
3243,324400,248.5
3245,324600,224.0
3247,324800,246.0
3249,325000,140.0
3251,325200,225.0
3253,325400,263.0
3255,325600,154.0
3257,325800,224.0
3259,326000,197.5
3261,326200,313.5
3263,326400,274.0
3265,326600,172.0
3267,326800,303.5
3269,327000,244.5
3271,327200,168.5
3273,327400,203.5
3275,327600,220.5
3277,327800,168.5
3279,328000,175.5
3281,328200,199.0
3283,328400,160.5
3285,328600,207.0
3287,328800,294.5
3289,329000,158.0
3291,329200,171.0
3293,329400,305.5
3295,329600,162.0
3297,329800,258.0
3299,330000,231.0
3301,330200,158.5
3303,330400,213.5
3305,330600,290.5
3307,330800,238.0
3309,331000,184.0
3311,331200,202.0
3313,331400,184.0
3315,331600,167.5
3317,331800,219.0
3319,332000,196.5
3321,332200,193.5
3323,332400,261.0
3325,332600,227.0
3327,332800,310.5
3329,333000,243.5
3331,333200,253.5
3333,333400,264.5
3335,333600,158.5
3337,333800,248.0
3339,334000,191.0
3341,334200,133.0
3343,334400,156.0
3345,334600,219.5
3347,334800,113.0
3349,335000,175.0
3351,335200,200.5
3353,335400,115.0
3355,335600,201.5
3357,335800,192.0
3359,336000,214.0
3361,336200,167.0
3363,336400,132.0
3365,336600,198.0
3367,336800,190.0
3369,337000,178.0
3371,337200,260.5
3373,337400,216.0
3375,337600,260.0
3377,337800,235.0
3379,338000,258.5
3381,338200,224.5
3383,338400,185.5
3385,338600,301.5
3387,338800,243.0
3389,339000,249.0
3391,339200,198.0
3393,339400,241.0
3395,339600,150.0
3397,339800,232.0
3399,340000,200.5
3401,340200,172.0
3403,340400,195.0
3405,340600,180.5
3407,340800,155.0
3409,341000,309.0
3411,341200,220.5
3413,341400,232.0
3415,341600,299.5
3417,341800,106.5
3419,342000,203.0
3421,342200,287.0
3423,342400,232.5
3425,342600,199.0
3427,342800,194.0
3429,343000,177.0
3431,343200,196.5
3433,343400,241.5
3435,343600,222.5
3437,343800,219.0
3439,344000,202.0
3441,344200,216.0
3443,344400,141.5
3445,344600,321.5
3447,344800,263.5
3449,345000,191.0
3451,345200,215.5
3453,345400,228.5
3455,345600,230.5
3457,345800,211.0
3459,346000,218.5
3461,346200,215.5
3463,346400,252.0
3465,346600,181.5
3467,346800,283.0
3469,347000,218.0
3471,347200,194.0
3473,347400,168.5
3475,347600,191.5
3477,347800,205.0
3479,348000,251.0
3481,348200,240.5
3483,348400,177.0
3485,348600,175.5
3487,348800,205.5
3489,349000,167.0
3491,349200,197.5
3493,349400,127.0
3495,349600,206.0
3497,349800,146.5
3499,350000,203.0
3501,350200,194.5
3503,350400,140.0
3505,350600,256.0
3507,350800,260.0
3509,351000,296.0
3511,351200,323.5
3513,351400,225.0
3515,351600,276.0
3517,351800,220.5
3519,352000,313.5
3521,352200,166.5
3523,352400,288.0
3525,352600,214.5
3527,352800,186.5
3529,353000,308.5
3531,353200,193.0
3533,353400,219.5
3535,353600,204.0
3537,353800,243.5
3539,354000,231.0
3541,354200,296.0
3543,354400,213.5
3545,354600,135.5
3547,354800,272.0
3549,355000,207.0
3551,355200,267.0
3553,355400,205.5
3555,355600,236.5
3557,355800,191.5
3559,356000,209.0
3561,356200,228.5
3563,356400,246.0
3565,356600,301.5
3567,356800,237.5
3569,357000,157.0
3571,357200,253.5
3573,357400,184.0
3575,357600,282.5
3577,357800,198.5
3579,358000,233.5
3581,358200,222.5
3583,358400,218.5
3585,358600,222.0
3587,358800,186.0
3589,359000,194.0
3591,359200,201.5
3593,359400,169.0
3595,359600,235.5
3597,359800,154.0
3599,360000,149.5
3601,360200,266.5
3603,360400,260.5
3605,360600,203.5
3607,360800,75.0
3609,361000,187.0
3611,361200,134.5
3613,361400,191.0
3615,361600,215.5
3617,361800,124.0
3619,362000,212.5
3621,362200,175.0
3623,362400,184.0
3625,362600,178.5
3627,362800,155.0
3629,363000,178.5
3631,363200,214.5
3633,363400,197.5
3635,363600,152.5
3637,363800,223.5
3639,364000,218.5
3641,364200,276.0
3643,364400,206.5
3645,364600,248.5
3647,364800,173.5
3649,365000,291.5
3651,365200,172.0
3653,365400,171.5
3655,365600,185.5
3657,365800,256.5
3659,366000,197.0
3661,366200,180.5
3663,366400,194.0
3665,366600,208.5
3667,366800,196.5
3669,367000,251.0
3671,367200,182.0
3673,367400,247.0
3675,367600,284.5
3677,367800,237.0
3679,368000,226.5
3681,368200,175.5
3683,368400,157.0
3685,368600,272.5
3687,368800,239.0
3689,369000,190.5
3691,369200,164.0
3693,369400,224.0
3695,369600,202.0
3697,369800,230.5
3699,370000,218.5
3701,370200,289.5
3703,370400,153.0
3705,370600,242.0
3707,370800,171.0
3709,371000,256.5
3711,371200,173.0
3713,371400,200.5
3715,371600,251.0
3717,371800,147.5
3719,372000,165.0
3721,372200,188.5
3723,372400,282.5
3725,372600,237.5
3727,372800,224.0
3729,373000,210.5
3731,373200,212.5
3733,373400,214.5
3735,373600,219.0
3737,373800,153.5
3739,374000,257.5
3741,374200,193.5
3743,374400,235.0
3745,374600,267.5
3747,374800,203.0
3749,375000,229.0
3751,375200,206.5
3753,375400,219.5
3755,375600,207.5
3757,375800,169.5
3759,376000,255.0
3761,376200,240.0
3763,376400,152.5
3765,376600,327.5
3767,376800,139.5
3769,377000,227.5
3771,377200,218.0
3773,377400,251.5
3775,377600,206.0
3777,377800,246.5
3779,378000,199.0
3781,378200,109.0
3783,378400,179.5
3785,378600,284.5
3787,378800,257.0
3789,379000,141.5
3791,379200,253.0
3793,379400,192.0
3795,379600,245.5
3797,379800,222.0
3799,380000,242.0
3801,380200,274.5
3803,380400,224.5
3805,380600,153.5
3807,380800,266.5
3809,381000,221.5
3811,381200,138.0
3813,381400,249.0
3815,381600,220.5
3817,381800,267.5
3819,382000,241.0
3821,382200,256.0
3823,382400,214.5
3825,382600,270.5
3827,382800,247.5
3829,383000,223.0
3831,383200,256.0
3833,383400,203.0
3835,383600,209.0
3837,383800,192.0
3839,384000,251.0
3841,384200,201.0
3843,384400,269.5
3845,384600,186.0
3847,384800,216.5
3849,385000,248.0
3851,385200,247.0
3853,385400,163.5
3855,385600,228.5
3857,385800,199.5
3859,386000,285.0
3861,386200,221.0
3863,386400,265.0
3865,386600,251.0
3867,386800,200.0
3869,387000,230.5
3871,387200,250.5
3873,387400,198.0
3875,387600,268.0
3877,387800,256.0
3879,388000,199.0
3881,388200,176.5
3883,388400,192.0
3885,388600,260.5
3887,388800,302.0
3889,389000,261.5
3891,389200,190.0
3893,389400,210.5
3895,389600,167.5
3897,389800,180.0
3899,390000,242.0
3901,390200,178.0
3903,390400,223.5
3905,390600,224.5
3907,390800,181.0
3909,391000,218.0
3911,391200,161.0
3913,391400,222.5
3915,391600,199.5
3917,391800,240.5
3919,392000,307.5
3921,392200,177.0
3923,392400,305.5
3925,392600,239.0
3927,392800,211.0
3929,393000,104.5
3931,393200,188.5
3933,393400,128.0
3935,393600,181.0
3937,393800,234.5
3939,394000,167.0
3941,394200,164.0
3943,394400,156.5
3945,394600,184.0
3947,394800,222.5
3949,395000,167.5
3951,395200,192.0
3953,395400,240.5
3955,395600,151.5
3957,395800,175.0
3959,396000,112.0
3961,396200,200.5
3963,396400,121.5
3965,396600,176.0
3967,396800,220.0
3969,397000,172.0
3971,397200,248.0
3973,397400,193.0
3975,397600,231.0
3977,397800,166.5
3979,398000,99.0
3981,398200,135.0
3983,398400,185.0
3985,398600,219.0
3987,398800,195.5
3989,399000,233.5
3991,399200,122.5
3993,399400,167.5
3995,399600,138.0
3997,399800,187.5
3999,400000,209.0
4001,400200,182.5
4003,400400,160.5
4005,400600,152.0
4007,400800,188.0
4009,401000,202.5
4011,401200,186.5
4013,401400,117.0
4015,401600,181.5
4017,401800,250.0
4019,402000,157.5
4021,402200,285.0
4023,402400,206.0
4025,402600,165.5
4027,402800,200.5
4029,403000,184.0
4031,403200,141.0
4033,403400,197.0
4035,403600,233.0
4037,403800,125.5
4039,404000,212.0
4041,404200,152.0
4043,404400,140.0
4045,404600,160.0
4047,404800,180.5
4049,405000,223.0
4051,405200,138.5
4053,405400,244.5
4055,405600,205.5
4057,405800,183.0
4059,406000,271.5
4061,406200,199.5
4063,406400,171.5
4065,406600,104.5
4067,406800,209.0
4069,407000,161.5
4071,407200,141.0
4073,407400,197.5
4075,407600,226.0
4077,407800,187.0
4079,408000,199.5
4081,408200,246.5
4083,408400,243.5
4085,408600,202.0
4087,408800,205.0
4089,409000,179.0
4091,409200,187.0
4093,409400,117.5
4095,409600,167.5
4097,409800,251.0
4099,410000,137.0
4101,410200,221.0
4103,410400,120.0
4105,410600,158.5
4107,410800,199.0
4109,411000,207.5
4111,411200,174.0
4113,411400,202.5
4115,411600,192.0
4117,411800,184.5
4119,412000,226.5
4121,412200,149.0
4123,412400,218.5
4125,412600,215.0
4127,412800,255.5
4129,413000,190.0
4131,413200,180.0
4133,413400,207.5
4135,413600,197.0
4137,413800,206.0
4139,414000,261.5
4141,414200,197.5
4143,414400,223.5
4145,414600,183.5
4147,414800,214.0
4149,415000,252.0
4151,415200,207.0
4153,415400,213.0
4155,415600,231.0
4157,415800,207.5
4159,416000,219.5
4161,416200,168.0
4163,416400,188.5
4165,416600,225.0
4167,416800,245.0
4169,417000,179.5
4171,417200,132.5
4173,417400,263.5
4175,417600,166.5
4177,417800,284.5
4179,418000,132.5
4181,418200,177.0
4183,418400,169.5
4185,418600,258.5
4187,418800,168.5
4189,419000,300.5
4191,419200,215.0
4193,419400,221.5
4195,419600,157.0
4197,419800,225.0
4199,420000,189.0
4201,420200,144.0
4203,420400,149.5
4205,420600,228.5
4207,420800,319.5
4209,421000,257.5
4211,421200,264.0
4213,421400,261.0
4215,421600,179.5
4217,421800,203.5
4219,422000,170.5
4221,422200,309.0
4223,422400,233.0
4225,422600,268.5
4227,422800,112.0
4229,423000,130.5
4231,423200,254.0
4233,423400,237.0
4235,423600,258.5
4237,423800,224.0
4239,424000,241.5
4241,424200,160.5
4243,424400,286.0
4245,424600,208.0
4247,424800,281.0
4249,425000,190.0
4251,425200,215.5
4253,425400,249.0
4255,425600,145.0
4257,425800,188.0
4259,426000,235.5
4261,426200,231.0
4263,426400,273.5
4265,426600,210.5
4267,426800,195.5
4269,427000,241.0
4271,427200,182.5
4273,427400,238.5
4275,427600,200.5
4277,427800,262.5
4279,428000,196.5
4281,428200,175.0
4283,428400,179.5
4285,428600,230.0
4287,428800,219.5
4289,429000,288.0
4291,429200,198.0
4293,429400,244.5
4295,429600,275.0
4297,429800,166.0
4299,430000,181.5
4301,430200,145.0
4303,430400,199.5
4305,430600,167.5
4307,430800,188.0
4309,431000,222.0
4311,431200,210.0
4313,431400,214.0
4315,431600,221.5
4317,431800,177.0
4319,432000,208.0
4321,432200,209.0
4323,432400,286.0
4325,432600,223.5
4327,432800,165.0
4329,433000,225.0
4331,433200,248.5
4333,433400,171.0
4335,433600,209.5
4337,433800,238.0
4339,434000,182.5
4341,434200,134.0
4343,434400,167.5
4345,434600,204.0
4347,434800,210.5
4349,435000,181.5
4351,435200,191.0
4353,435400,288.5
4355,435600,169.0
4357,435800,279.5
4359,436000,301.5
4361,436200,286.5
4363,436400,174.0
4365,436600,173.0
4367,436800,219.0
4369,437000,178.5
4371,437200,239.0
4373,437400,193.5
4375,437600,215.5
4377,437800,215.5
4379,438000,244.5
4381,438200,239.0
4383,438400,265.0
4385,438600,180.5
4387,438800,193.5
4389,439000,204.0
4391,439200,163.0
4393,439400,245.0
4395,439600,187.5
4397,439800,223.0
4399,440000,188.5
4401,440200,172.5
4403,440400,181.5
4405,440600,206.0
4407,440800,209.5
4409,441000,168.0
4411,441200,222.0
4413,441400,173.5
4415,441600,181.5
4417,441800,248.0
4419,442000,239.0
4421,442200,226.5
4423,442400,181.0
4425,442600,181.0
4427,442800,236.0
4429,443000,295.0
4431,443200,209.5
4433,443400,258.0
4435,443600,181.0
4437,443800,241.0
4439,444000,233.5
4441,444200,166.5
4443,444400,288.5
4445,444600,198.5
4447,444800,210.0
4449,445000,183.5
4451,445200,198.0
4453,445400,185.5
4455,445600,200.5
4457,445800,138.5
4459,446000,292.5
4461,446200,230.0
4463,446400,173.0
4465,446600,200.5
4467,446800,177.0
4469,447000,222.0
4471,447200,196.5
4473,447400,207.5
4475,447600,193.5
4477,447800,192.5
4479,448000,153.0
4481,448200,149.0
4483,448400,207.0
4485,448600,159.5
4487,448800,282.0
4489,449000,163.0
4491,449200,217.5
4493,449400,236.0
4495,449600,185.5
4497,449800,185.0
4499,450000,234.0
4501,450200,180.0
4503,450400,172.5
4505,450600,220.5
4507,450800,239.0
4509,451000,219.0
4511,451200,167.5
4513,451400,228.0
4515,451600,208.0
4517,451800,165.0
4519,452000,202.0
4521,452200,214.5
4523,452400,119.0
4525,452600,203.5
4527,452800,221.5
4529,453000,192.0
4531,453200,222.5
4533,453400,210.5
4535,453600,231.5
4537,453800,233.0
4539,454000,149.5
4541,454200,184.0
4543,454400,163.5
4545,454600,270.0
4547,454800,204.5
4549,455000,143.0
4551,455200,169.5
4553,455400,167.5
4555,455600,225.0
4557,455800,113.5
4559,456000,134.5
4561,456200,222.0
4563,456400,123.0
4565,456600,168.0
4567,456800,191.5
4569,457000,143.5
4571,457200,237.0
4573,457400,244.0
4575,457600,133.5
4577,457800,262.5
4579,458000,216.5
4581,458200,247.0
4583,458400,251.5
4585,458600,190.0
4587,458800,117.0
4589,459000,229.5
4591,459200,186.0
4593,459400,164.0
4595,459600,217.0
4597,459800,152.0
4599,460000,191.0
4601,460200,170.5
4603,460400,172.5
4605,460600,205.0
4607,460800,215.0
4609,461000,226.0
4611,461200,170.5
4613,461400,144.5
4615,461600,255.0
4617,461800,169.0
4619,462000,155.5
4621,462200,168.0
4623,462400,157.5
4625,462600,238.0
4627,462800,195.0
4629,463000,133.0
4631,463200,220.5
4633,463400,232.0
4635,463600,262.0
4637,463800,216.5
4639,464000,211.5
4641,464200,193.5
4643,464400,219.5
4645,464600,189.5
4647,464800,152.0
4649,465000,158.5
4651,465200,199.0
4653,465400,213.5
4655,465600,157.5
4657,465800,234.0
4659,466000,145.5
4661,466200,181.0
4663,466400,164.0
4665,466600,199.0
4667,466800,169.0
4669,467000,164.0
4671,467200,275.5
4673,467400,187.5
4675,467600,225.5
4677,467800,238.5
4679,468000,184.5
4681,468200,116.5
4683,468400,188.5
4685,468600,178.0
4687,468800,180.5
4689,469000,197.0
4691,469200,214.5
4693,469400,227.5
4695,469600,158.0
4697,469800,188.5
4699,470000,247.0
4701,470200,260.5
4703,470400,218.0
4705,470600,205.0
4707,470800,197.5
4709,471000,213.5
4711,471200,197.5
4713,471400,239.5
4715,471600,215.5
4717,471800,264.5
4719,472000,266.0
4721,472200,235.0
4723,472400,198.0
4725,472600,192.5
4727,472800,242.0
4729,473000,250.0
4731,473200,214.0
4733,473400,245.0
4735,473600,261.0
4737,473800,201.5
4739,474000,219.0
4741,474200,197.0
4743,474400,164.0
4745,474600,199.0
4747,474800,164.5
4749,475000,257.5
4751,475200,219.5
4753,475400,221.0
4755,475600,209.0
4757,475800,259.5
4759,476000,144.0
4761,476200,290.0
4763,476400,281.5
4765,476600,215.5
4767,476800,218.0
4769,477000,179.5
4771,477200,163.5
4773,477400,238.5
4775,477600,247.5
4777,477800,164.5
4779,478000,230.5
4781,478200,238.0
4783,478400,201.0
4785,478600,237.0
4787,478800,228.5
4789,479000,181.5
4791,479200,221.5
4793,479400,161.5
4795,479600,177.5
4797,479800,213.5
4799,480000,259.5
4801,480200,256.0
4803,480400,155.0
4805,480600,311.5
4807,480800,219.5
4809,481000,199.5
4811,481200,171.5
4813,481400,134.5
4815,481600,211.5
4817,481800,309.0
4819,482000,222.5
4821,482200,196.0
4823,482400,168.5
4825,482600,214.0
4827,482800,223.0
4829,483000,276.5
4831,483200,271.5
4833,483400,229.5
4835,483600,256.5
4837,483800,148.5
4839,484000,228.5
4841,484200,223.0
4843,484400,162.5
4845,484600,136.0
4847,484800,264.0
4849,485000,209.0
4851,485200,170.5
4853,485400,243.0
4855,485600,167.5
4857,485800,202.0
4859,486000,205.5
4861,486200,205.0
4863,486400,165.5
4865,486600,300.0
4867,486800,208.0
4869,487000,251.5
4871,487200,184.0
4873,487400,242.5
4875,487600,176.0
4877,487800,205.0
4879,488000,158.0
4881,488200,181.0
4883,488400,144.5
4885,488600,271.0
4887,488800,200.5
4889,489000,243.5
4891,489200,213.0
4893,489400,202.0
4895,489600,222.0
4897,489800,267.5
4899,490000,222.5
4901,490200,234.5
4903,490400,205.0
4905,490600,197.5
4907,490800,298.5
4909,491000,205.0
4911,491200,162.0
4913,491400,281.0
4915,491600,189.0
4917,491800,172.5
4919,492000,253.5
4921,492200,198.0
4923,492400,200.5
4925,492600,306.5
4927,492800,241.5
4929,493000,179.0
4931,493200,205.0
4933,493400,227.0
4935,493600,204.5
4937,493800,206.0
4939,494000,267.0
4941,494200,266.0
4943,494400,261.5
4945,494600,186.5
4947,494800,219.0
4949,495000,237.5
4951,495200,274.0
4953,495400,282.5
4955,495600,202.5
4957,495800,207.0
4959,496000,248.0
4961,496200,131.5
4963,496400,227.0
4965,496600,245.0
4967,496800,224.5
4969,497000,229.5
4971,497200,258.0
4973,497400,189.0
4975,497600,196.0
4977,497800,189.0
4979,498000,227.5
4981,498200,239.5
4983,498400,275.5
4985,498600,251.0
4987,498800,253.0
4989,499000,174.0
4991,499200,241.0
4993,499400,314.0
4995,499600,299.0
4997,499800,318.5
4999,500000,176.5
5001,500200,197.0
5003,500400,302.0
5005,500600,180.5
5007,500800,219.0
5009,501000,183.0
5011,501200,202.5
5013,501400,252.0
5015,501600,260.0
5017,501800,239.5
5019,502000,216.5
5021,502200,219.0
5023,502400,268.0
5025,502600,237.0
5027,502800,247.5
5029,503000,177.0
5031,503200,238.0
5033,503400,333.5
5035,503600,226.0
5037,503800,300.5
5039,504000,229.0
5041,504200,314.0
5043,504400,240.5
5045,504600,228.5
5047,504800,193.5
5049,505000,182.0
5051,505200,212.0
5053,505400,211.0
5055,505600,187.0
5057,505800,178.0
5059,506000,194.5
5061,506200,263.5
5063,506400,258.0
5065,506600,145.5
5067,506800,223.0
5069,507000,357.0
5071,507200,190.0
5073,507400,242.5
5075,507600,167.0
5077,507800,221.0
5079,508000,295.0
5081,508200,249.5
5083,508400,193.5
5085,508600,271.0
5087,508800,217.0
5089,509000,247.0
5091,509200,249.5
5093,509400,282.5
5095,509600,162.0
5097,509800,244.5
5099,510000,175.5
5101,510200,218.0
5103,510400,212.0
5105,510600,283.5
5107,510800,202.0
5109,511000,171.0
5111,511200,239.0
5113,511400,290.5
5115,511600,195.0
5117,511800,267.0
5119,512000,215.0
5121,512200,202.5
5123,512400,250.5
5125,512600,164.0
5127,512800,247.5
5129,513000,240.0
5131,513200,338.0
5133,513400,257.0
5135,513600,233.5
5137,513800,147.5
5139,514000,261.5
5141,514200,132.5
5143,514400,133.5
5145,514600,264.0
5147,514800,246.0
5149,515000,267.0
5151,515200,244.0
5153,515400,181.5
5155,515600,179.0
5157,515800,240.0
5159,516000,244.5
5161,516200,203.5
5163,516400,252.0
5165,516600,224.5
5167,516800,228.5
5169,517000,236.5
5171,517200,312.5
5173,517400,175.0
5175,517600,123.0
5177,517800,197.0
5179,518000,214.5
5181,518200,173.5
5183,518400,215.0
5185,518600,238.0
5187,518800,267.0
5189,519000,255.0
5191,519200,201.0
5193,519400,246.0
5195,519600,227.5
5197,519800,226.0
5199,520000,272.5
5201,520200,167.5
5203,520400,207.0
5205,520600,223.5
5207,520800,205.0
5209,521000,248.5
5211,521200,202.0
5213,521400,179.5
5215,521600,161.5
5217,521800,242.0
5219,522000,135.5
5221,522200,188.5
5223,522400,182.0
5225,522600,181.0
5227,522800,183.0
5229,523000,261.0
5231,523200,282.5
5233,523400,232.5
5235,523600,162.0
5237,523800,196.5
5239,524000,304.0
5241,524200,263.5
5243,524400,192.0
5245,524600,251.0
5247,524800,266.0
5249,525000,249.5
5251,525200,191.0
5253,525400,171.0
5255,525600,232.0
5257,525800,266.0
5259,526000,225.5
5261,526200,231.0
5263,526400,304.5
5265,526600,208.5
5267,526800,234.0
5269,527000,197.0
5271,527200,233.5
5273,527400,184.0
5275,527600,241.5
5277,527800,284.0
5279,528000,215.5
5281,528200,275.0
5283,528400,176.5
5285,528600,227.5
5287,528800,341.0
5289,529000,232.0
5291,529200,188.0
5293,529400,205.0
5295,529600,183.0
5297,529800,281.5
5299,530000,203.5
5301,530200,321.5
5303,530400,231.0
5305,530600,211.5
5307,530800,192.0
5309,531000,289.0
5311,531200,253.5
5313,531400,190.5
5315,531600,210.0
5317,531800,245.5
5319,532000,137.5
5321,532200,176.5
5323,532400,309.0
5325,532600,156.0
5327,532800,214.5
5329,533000,252.5
5331,533200,89.5
5333,533400,246.0
5335,533600,201.0
5337,533800,107.0
5339,534000,196.5
5341,534200,224.5
5343,534400,223.0
5345,534600,214.0
5347,534800,260.0
5349,535000,196.5
5351,535200,219.0
5353,535400,297.0
5355,535600,178.0
5357,535800,255.0
5359,536000,221.5
5361,536200,201.5
5363,536400,200.0
5365,536600,267.0
5367,536800,295.5
5369,537000,199.0
5371,537200,236.5
5373,537400,322.5
5375,537600,242.5
5377,537800,205.5
5379,538000,213.5
5381,538200,100.5
5383,538400,211.0
5385,538600,196.0
5387,538800,265.0
5389,539000,311.0
5391,539200,219.5
5393,539400,180.5
5395,539600,226.0
5397,539800,178.0
5399,540000,180.0
5401,540200,283.5
5403,540400,215.0
5405,540600,259.0
5407,540800,212.0
5409,541000,180.5
5411,541200,160.0
5413,541400,170.0
5415,541600,329.5
5417,541800,192.5
5419,542000,271.5
5421,542200,233.0
5423,542400,227.5
5425,542600,242.0
5427,542800,309.0
5429,543000,239.0
5431,543200,196.5
5433,543400,209.5
5435,543600,209.0
5437,543800,267.0
5439,544000,180.0
5441,544200,204.5
5443,544400,250.5
5445,544600,161.0
5447,544800,182.5
5449,545000,221.0
5451,545200,127.5
5453,545400,226.5
5455,545600,167.5
5457,545800,250.5
5459,546000,182.0
5461,546200,213.5
5463,546400,318.5
5465,546600,214.5
5467,546800,258.5
5469,547000,242.5
5471,547200,234.0
5473,547400,233.5
5475,547600,179.5
5477,547800,280.0
5479,548000,229.0
5481,548200,177.0
5483,548400,210.0
5485,548600,249.0
5487,548800,190.0
5489,549000,293.0
5491,549200,211.5
5493,549400,238.5
5495,549600,246.0
5497,549800,253.0
5499,550000,221.0
5501,550200,227.0
5503,550400,245.0
5505,550600,228.0
5507,550800,295.5
5509,551000,302.5
5511,551200,226.0
5513,551400,113.5
5515,551600,149.0
5517,551800,242.0
5519,552000,221.0
5521,552200,172.5
5523,552400,227.0
5525,552600,174.0
5527,552800,303.0
5529,553000,209.5
5531,553200,169.5
5533,553400,252.0
5535,553600,278.5
5537,553800,166.5
5539,554000,318.0
5541,554200,197.5
5543,554400,250.0
5545,554600,236.5
5547,554800,210.5
5549,555000,182.0
5551,555200,268.0
5553,555400,316.0
5555,555600,240.5
5557,555800,135.0
5559,556000,172.5
5561,556200,206.5
5563,556400,237.5
5565,556600,250.0
5567,556800,242.0
5569,557000,212.0
5571,557200,200.0
5573,557400,184.0
5575,557600,150.5
5577,557800,273.0
5579,558000,177.0
5581,558200,210.0
5583,558400,277.0
5585,558600,172.0
5587,558800,249.0
5589,559000,221.0
5591,559200,346.0
5593,559400,242.0
5595,559600,224.5
5597,559800,239.5
5599,560000,202.5
5601,560200,184.5
5603,560400,200.0
5605,560600,253.5
5607,560800,250.0
5609,561000,189.0
5611,561200,208.0
5613,561400,199.5
5615,561600,153.0
5617,561800,206.0
5619,562000,158.0
5621,562200,217.5
5623,562400,161.5
5625,562600,296.5
5627,562800,227.5
5629,563000,270.0
5631,563200,278.5
5633,563400,118.0
5635,563600,279.0
5637,563800,286.0
5639,564000,254.0
5641,564200,257.0
5643,564400,148.0
5645,564600,185.5
5647,564800,151.5
5649,565000,253.0
5651,565200,291.0
5653,565400,181.5
5655,565600,175.0
5657,565800,144.5
5659,566000,148.0
5661,566200,238.0
5663,566400,184.5
5665,566600,204.5
5667,566800,205.5
5669,567000,211.0
5671,567200,238.5
5673,567400,234.5
5675,567600,243.0
5677,567800,215.0
5679,568000,277.5
5681,568200,202.5
5683,568400,149.0
5685,568600,263.5
5687,568800,189.5
5689,569000,213.0
5691,569200,254.5
5693,569400,243.5
5695,569600,128.0
5697,569800,237.5
5699,570000,161.5
5701,570200,119.0
5703,570400,293.5
5705,570600,230.5
5707,570800,198.0
5709,571000,286.0
5711,571200,163.0
5713,571400,152.0
5715,571600,187.5
5717,571800,210.0
5719,572000,197.5
5721,572200,251.0
5723,572400,279.5
5725,572600,172.5
5727,572800,174.5
5729,573000,187.5
5731,573200,265.5
5733,573400,233.5
5735,573600,175.5
5737,573800,232.0
5739,574000,225.5
5741,574200,155.5
5743,574400,239.0
5745,574600,179.0
5747,574800,193.5
5749,575000,124.0
5751,575200,178.0
5753,575400,177.0
5755,575600,180.5
5757,575800,200.5
5759,576000,188.0
5761,576200,237.0
5763,576400,187.0
5765,576600,189.0
5767,576800,158.5
5769,577000,216.5
5771,577200,241.5
5773,577400,377.0
5775,577600,146.0
5777,577800,161.5
5779,578000,97.5
5781,578200,187.5
5783,578400,167.0
5785,578600,200.5
5787,578800,298.5
5789,579000,176.0
5791,579200,164.0
5793,579400,195.5
5795,579600,198.5
5797,579800,235.5
5799,580000,181.5
5801,580200,197.0
5803,580400,137.5
5805,580600,210.5
5807,580800,256.0
5809,581000,196.0
5811,581200,108.0
5813,581400,233.5
5815,581600,261.5
5817,581800,161.5
5819,582000,296.5
5821,582200,249.5
5823,582400,192.0
5825,582600,202.5
5827,582800,195.0
5829,583000,221.0
5831,583200,256.5
5833,583400,176.0
5835,583600,210.0
5837,583800,171.5
5839,584000,233.5
5841,584200,188.5
5843,584400,162.5
5845,584600,281.5
5847,584800,213.0
5849,585000,254.5
5851,585200,184.0
5853,585400,237.0
5855,585600,267.0
5857,585800,178.0
5859,586000,107.5
5861,586200,149.0
5863,586400,187.5
5865,586600,246.5
5867,586800,298.5
5869,587000,189.0
5871,587200,171.0
5873,587400,273.5
5875,587600,275.5
5877,587800,173.5
5879,588000,301.0
5881,588200,257.5
5883,588400,203.5
5885,588600,207.5
5887,588800,234.0
5889,589000,217.0
5891,589200,183.0
5893,589400,201.0
5895,589600,184.5
5897,589800,233.0
5899,590000,168.5
5901,590200,157.0
5903,590400,265.5
5905,590600,217.5
5907,590800,229.0
5909,591000,282.0
5911,591200,245.5
5913,591400,157.5
5915,591600,237.5
5917,591800,185.5
5919,592000,156.5
5921,592200,220.0
5923,592400,225.0
5925,592600,213.0
5927,592800,267.5
5929,593000,236.5
5931,593200,342.5
5933,593400,253.5
5935,593600,135.0
5937,593800,180.0
5939,594000,272.0
5941,594200,253.5
5943,594400,290.5
5945,594600,276.0
5947,594800,164.0
5949,595000,250.0
5951,595200,190.0
5953,595400,115.0
5955,595600,255.0
5957,595800,190.0
5959,596000,204.0
5961,596200,217.0
5963,596400,259.0
5965,596600,348.5
5967,596800,269.5
5969,597000,240.0
5971,597200,160.5
5973,597400,193.0
5975,597600,345.5
5977,597800,289.5
5979,598000,249.5
5981,598200,186.5
5983,598400,176.0
5985,598600,240.5
5987,598800,231.5
5989,599000,256.0
5991,599200,331.0
5993,599400,302.5
5995,599600,193.5
5997,599800,127.5
5999,600000,213.0
6001,600200,160.5
6003,600400,228.5
6005,600600,223.5
6007,600800,238.0
6009,601000,181.5
6011,601200,304.0
6013,601400,229.5
6015,601600,201.5
6017,601800,302.0
6019,602000,253.5
6021,602200,234.0
6023,602400,134.0
6025,602600,275.0
6027,602800,288.0
6029,603000,207.5
6031,603200,234.0
6033,603400,249.0
6035,603600,247.5
6037,603800,170.5
6039,604000,98.0
6041,604200,282.0
6043,604400,264.0
6045,604600,145.5
6047,604800,194.5
6049,605000,193.5
6051,605200,240.0
6053,605400,317.0
6055,605600,207.0
6057,605800,180.5
6059,606000,260.5
6061,606200,150.0
6063,606400,268.5
6065,606600,258.0
6067,606800,235.5
6069,607000,169.5
6071,607200,323.5
6073,607400,206.0
6075,607600,240.5
6077,607800,236.0
6079,608000,192.0
6081,608200,242.5
6083,608400,186.0
6085,608600,230.5
6087,608800,193.0
6089,609000,211.0
6091,609200,275.5
6093,609400,207.5
6095,609600,208.5
6097,609800,210.0
6099,610000,159.0
6101,610200,171.5
6103,610400,333.5
6105,610600,280.5
6107,610800,190.0
6109,611000,243.0
6111,611200,172.5
6113,611400,305.5
6115,611600,224.0
6117,611800,271.5
6119,612000,239.5
6121,612200,315.0
6123,612400,290.5
6125,612600,177.5
6127,612800,255.0
6129,613000,271.5
6131,613200,264.5
6133,613400,294.0
6135,613600,256.5
6137,613800,206.5
6139,614000,206.0
6141,614200,199.0
6143,614400,193.0
6145,614600,218.5
6147,614800,226.0
6149,615000,224.0
6151,615200,170.5
6153,615400,312.5
6155,615600,210.5
6157,615800,274.0
6159,616000,222.5
6161,616200,204.0
6163,616400,234.0
6165,616600,232.5
6167,616800,173.0
6169,617000,283.0
6171,617200,212.5
6173,617400,288.0
6175,617600,190.5
6177,617800,273.5
6179,618000,203.5
6181,618200,215.0
6183,618400,302.0
6185,618600,247.5
6187,618800,217.0
6189,619000,223.5
6191,619200,232.0
6193,619400,205.5
6195,619600,256.5
6197,619800,146.5
6199,620000,286.5
6201,620200,233.5
6203,620400,204.5
6205,620600,281.0
6207,620800,218.0
6209,621000,177.5
6211,621200,172.5
6213,621400,316.0
6215,621600,251.0
6217,621800,290.5
6219,622000,242.0
6221,622200,207.5
6223,622400,229.5
6225,622600,219.5
6227,622800,165.0
6229,623000,252.0
6231,623200,294.0
6233,623400,175.5
6235,623600,241.5
6237,623800,161.0
6239,624000,214.5
6241,624200,136.0
6243,624400,202.5
6245,624600,202.5
6247,624800,239.5
6249,625000,212.0
6251,625200,275.0
6253,625400,262.0
6255,625600,175.0
6257,625800,226.0
6259,626000,238.0
6261,626200,191.0
6263,626400,242.5
6265,626600,151.0
6267,626800,295.0
6269,627000,173.0
6271,627200,229.5
6273,627400,242.0
6275,627600,198.0
6277,627800,225.5
6279,628000,157.0
6281,628200,186.5
6283,628400,140.0
6285,628600,206.5
6287,628800,160.5
6289,629000,192.0
6291,629200,329.0
6293,629400,273.5
6295,629600,224.5
6297,629800,173.0
6299,630000,195.5
6301,630200,302.5
6303,630400,214.5
6305,630600,234.5
6307,630800,241.5
6309,631000,209.5
6311,631200,272.5
6313,631400,255.0
6315,631600,204.5
6317,631800,306.0
6319,632000,253.0
6321,632200,168.5
6323,632400,206.0
6325,632600,220.0
6327,632800,326.0
6329,633000,283.5
6331,633200,196.0
6333,633400,206.5
6335,633600,203.0
6337,633800,199.0
6339,634000,227.5
6341,634200,252.5
6343,634400,168.5
6345,634600,214.5
6347,634800,206.0
6349,635000,193.5
6351,635200,179.0
6353,635400,221.0
6355,635600,251.0
6357,635800,250.5
6359,636000,155.5
6361,636200,230.0
6363,636400,160.0
6365,636600,210.5
6367,636800,212.5
6369,637000,299.5
6371,637200,208.5
6373,637400,149.5
6375,637600,169.0
6377,637800,223.5
6379,638000,235.5
6381,638200,254.5
6383,638400,216.5
6385,638600,141.5
6387,638800,222.5
6389,639000,207.0
6391,639200,146.0
6393,639400,224.0
6395,639600,170.5
6397,639800,217.5
6399,640000,223.0
6401,640200,205.5
6403,640400,204.0
6405,640600,185.0
6407,640800,254.0
6409,641000,158.5
6411,641200,294.0
6413,641400,172.0
6415,641600,187.0
6417,641800,216.5
6419,642000,237.0
6421,642200,153.5
6423,642400,245.0
6425,642600,194.0
6427,642800,172.5
6429,643000,210.0
6431,643200,208.5
6433,643400,224.5
6435,643600,276.5
6437,643800,265.5
6439,644000,148.0
6441,644200,176.5
6443,644400,199.5
6445,644600,213.0
6447,644800,183.0
6449,645000,187.5
6451,645200,253.0
6453,645400,231.0
6455,645600,219.0
6457,645800,173.0
6459,646000,243.0
6461,646200,139.5
6463,646400,250.5
6465,646600,265.5
6467,646800,240.5
6469,647000,344.0
6471,647200,259.0
6473,647400,244.5
6475,647600,309.0
6477,647800,266.0
6479,648000,203.5
6481,648200,240.5
6483,648400,202.0
6485,648600,249.5
6487,648800,139.5
6489,649000,164.0
6491,649200,225.0
6493,649400,179.5
6495,649600,240.0
6497,649800,161.5
6499,650000,208.5
6501,650200,191.5
6503,650400,249.0
6505,650600,197.0
6507,650800,202.0
6509,651000,204.5
6511,651200,266.0
6513,651400,225.5
6515,651600,226.0
6517,651800,217.5
6519,652000,195.5
6521,652200,221.0
6523,652400,208.0
6525,652600,214.5
6527,652800,181.0
6529,653000,174.5
6531,653200,187.5
6533,653400,279.0
6535,653600,255.0
6537,653800,149.5
6539,654000,140.0
6541,654200,254.0
6543,654400,211.0
6545,654600,202.0
6547,654800,207.5
6549,655000,260.5
6551,655200,219.5
6553,655400,280.5
6555,655600,265.5
6557,655800,250.5
6559,656000,174.0
6561,656200,239.0
6563,656400,209.5
6565,656600,277.5
6567,656800,201.5
6569,657000,187.0
6571,657200,184.5
6573,657400,201.5
6575,657600,190.0
6577,657800,187.5
6579,658000,245.5
6581,658200,202.0
6583,658400,318.0
6585,658600,221.0
6587,658800,189.5
6589,659000,215.5
6591,659200,263.0
6593,659400,192.5
6595,659600,262.5
6597,659800,200.0
6599,660000,160.5
6601,660200,213.5
6603,660400,264.0
6605,660600,210.0
6607,660800,226.5
6609,661000,138.0
6611,661200,228.5
6613,661400,211.5
6615,661600,205.5
6617,661800,228.5
6619,662000,181.0
6621,662200,191.0
6623,662400,298.5
6625,662600,92.5
6627,662800,280.0
6629,663000,314.5
6631,663200,230.5
6633,663400,297.0
6635,663600,187.0
6637,663800,187.0
6639,664000,239.5
6641,664200,234.5
6643,664400,258.5
6645,664600,220.0
6647,664800,154.5
6649,665000,192.5
6651,665200,266.5
6653,665400,218.0
6655,665600,258.5
6657,665800,148.0
6659,666000,232.5
6661,666200,175.5
6663,666400,130.5
6665,666600,195.5
6667,666800,193.5
6669,667000,218.5
6671,667200,271.5
6673,667400,307.0
6675,667600,301.0
6677,667800,223.5
6679,668000,197.0
6681,668200,252.5
6683,668400,310.0
6685,668600,239.5
6687,668800,239.0
6689,669000,262.5
6691,669200,233.5
6693,669400,261.5
6695,669600,290.5
6697,669800,218.5
6699,670000,290.5
6701,670200,194.5
6703,670400,185.0
6705,670600,230.0
6707,670800,163.5
6709,671000,214.0
6711,671200,216.5
6713,671400,165.5
6715,671600,274.0
6717,671800,198.5
6719,672000,166.0
6721,672200,305.0
6723,672400,269.0
6725,672600,189.5
6727,672800,219.0
6729,673000,219.0
6731,673200,306.5
6733,673400,228.5
6735,673600,154.5
6737,673800,229.0
6739,674000,254.0
6741,674200,256.5
6743,674400,283.5
6745,674600,237.0
6747,674800,215.0
6749,675000,108.5
6751,675200,293.0
6753,675400,212.0
6755,675600,309.0
6757,675800,225.0
6759,676000,224.5
6761,676200,200.5
6763,676400,214.0
6765,676600,291.0
6767,676800,188.0
6769,677000,270.0
6771,677200,233.5
6773,677400,149.0
6775,677600,265.0
6777,677800,257.0
6779,678000,278.5
6781,678200,236.0
6783,678400,179.5
6785,678600,227.0
6787,678800,286.5
6789,679000,227.0
6791,679200,229.5
6793,679400,226.0
6795,679600,240.5
6797,679800,207.5
6799,680000,258.5
6801,680200,242.5
6803,680400,200.5
6805,680600,225.5
6807,680800,273.5
6809,681000,194.0
6811,681200,295.5
6813,681400,264.0
6815,681600,187.5
6817,681800,232.5
6819,682000,236.5
6821,682200,224.5
6823,682400,224.5
6825,682600,229.5
6827,682800,215.0
6829,683000,156.0
6831,683200,265.0
6833,683400,276.0
6835,683600,234.5
6837,683800,213.0
6839,684000,243.5
6841,684200,183.5
6843,684400,298.5
6845,684600,154.5
6847,684800,272.0
6849,685000,189.0
6851,685200,250.5
6853,685400,203.0
6855,685600,216.5
6857,685800,218.0
6859,686000,259.5
6861,686200,261.0
6863,686400,211.5
6865,686600,188.0
6867,686800,278.5
6869,687000,189.5
6871,687200,200.5
6873,687400,200.0
6875,687600,136.5
6877,687800,240.5
6879,688000,311.0
6881,688200,279.0
6883,688400,279.5
6885,688600,205.5
6887,688800,211.0
6889,689000,149.0
6891,689200,337.5
6893,689400,228.0
6895,689600,236.0
6897,689800,210.5
6899,690000,217.0
6901,690200,267.0
6903,690400,227.0
6905,690600,265.5
6907,690800,212.0
6909,691000,265.5
6911,691200,236.0
6913,691400,286.0
6915,691600,237.5
6917,691800,191.5
6919,692000,236.0
6921,692200,238.0
6923,692400,240.0
6925,692600,246.5
6927,692800,198.0
6929,693000,298.0
6931,693200,170.0
6933,693400,232.5
6935,693600,194.0
6937,693800,242.0
6939,694000,189.0
6941,694200,272.5
6943,694400,199.5
6945,694600,161.5
6947,694800,237.0
6949,695000,210.0
6951,695200,216.0
6953,695400,176.5
6955,695600,219.0
6957,695800,260.5
6959,696000,218.0
6961,696200,255.5
6963,696400,250.0
6965,696600,208.5
6967,696800,215.5
6969,697000,211.0
6971,697200,135.5
6973,697400,170.0
6975,697600,265.5
6977,697800,172.0
6979,698000,205.0
6981,698200,237.0
6983,698400,294.0
6985,698600,265.5
6987,698800,184.5
6989,699000,266.0
6991,699200,225.5
6993,699400,304.5
6995,699600,267.5
6997,699800,150.0
6999,700000,247.0
7001,700200,315.0
7003,700400,165.5
7005,700600,249.0
7007,700800,272.0
7009,701000,242.0
7011,701200,232.5
7013,701400,222.0
7015,701600,230.0
7017,701800,186.0
7019,702000,217.5
7021,702200,234.5
7023,702400,219.0
7025,702600,290.5
7027,702800,244.0
7029,703000,199.0
7031,703200,289.0
7033,703400,312.5
7035,703600,176.0
7037,703800,148.5
7039,704000,315.0
7041,704200,280.5
7043,704400,272.0
7045,704600,127.0
7047,704800,188.0
7049,705000,182.5
7051,705200,204.0
7053,705400,221.5
7055,705600,239.5
7057,705800,178.5
7059,706000,198.5
7061,706200,239.0
7063,706400,184.0
7065,706600,183.0
7067,706800,263.5
7069,707000,194.0
7071,707200,264.5
7073,707400,192.0
7075,707600,213.0
7077,707800,199.5
7079,708000,235.0
7081,708200,212.5
7083,708400,243.5
7085,708600,221.5
7087,708800,177.5
7089,709000,171.5
7091,709200,242.5
7093,709400,223.0
7095,709600,318.0
7097,709800,228.5
7099,710000,216.5
7101,710200,219.0
7103,710400,213.0
7105,710600,158.0
7107,710800,300.5
7109,711000,211.0
7111,711200,100.5
7113,711400,182.5
7115,711600,275.0
7117,711800,235.5
7119,712000,151.0
7121,712200,188.5
7123,712400,310.5
7125,712600,155.0
7127,712800,210.5
7129,713000,247.5
7131,713200,239.0
7133,713400,227.0
7135,713600,243.0
7137,713800,260.0
7139,714000,194.0
7141,714200,172.0
7143,714400,189.0
7145,714600,228.5
7147,714800,206.5
7149,715000,173.5
7151,715200,205.5
7153,715400,202.0
7155,715600,305.5
7157,715800,189.0
7159,716000,160.0
7161,716200,170.0
7163,716400,261.5
7165,716600,231.0
7167,716800,190.5
7169,717000,212.0
7171,717200,177.5
7173,717400,246.0
7175,717600,243.5
7177,717800,222.0
7179,718000,131.0
7181,718200,202.5
7183,718400,192.0
7185,718600,113.5
7187,718800,142.0
7189,719000,120.5
7191,719200,185.5
7193,719400,146.5
7195,719600,252.0
7197,719800,233.0
7199,720000,131.0
7201,720200,273.0
7203,720400,176.0
7205,720600,275.5
7207,720800,142.0
7209,721000,146.5
7211,721200,267.5
7213,721400,155.0
7215,721600,335.5
7217,721800,184.5
7219,722000,244.5
7221,722200,210.0
7223,722400,205.5
7225,722600,161.5
7227,722800,264.5
7229,723000,197.0
7231,723200,232.5
7233,723400,193.5
7235,723600,245.0
7237,723800,235.5
7239,724000,221.5
7241,724200,121.5
7243,724400,231.0
7245,724600,231.5
7247,724800,218.5
7249,725000,234.0
7251,725200,211.0
7253,725400,240.5
7255,725600,299.5
7257,725800,223.0
7259,726000,255.5
7261,726200,240.0
7263,726400,207.5
7265,726600,135.5
7267,726800,213.0
7269,727000,172.5
7271,727200,220.0
7273,727400,156.5
7275,727600,199.0
7277,727800,205.5
7279,728000,191.5
7281,728200,240.0
7283,728400,295.5
7285,728600,219.5
7287,728800,251.0
7289,729000,155.5
7291,729200,189.0
7293,729400,206.0
7295,729600,177.5
7297,729800,215.0
7299,730000,210.0
7301,730200,279.5
7303,730400,178.0
7305,730600,221.0
7307,730800,259.0
7309,731000,220.5
7311,731200,259.5
7313,731400,267.0
7315,731600,222.5
7317,731800,135.0
7319,732000,231.0
7321,732200,220.0
7323,732400,225.5
7325,732600,264.5
7327,732800,147.0
7329,733000,183.5
7331,733200,184.5
7333,733400,270.5
7335,733600,159.0
7337,733800,247.5
7339,734000,254.0
7341,734200,180.0
7343,734400,155.5
7345,734600,166.0
7347,734800,202.5
7349,735000,174.0
7351,735200,191.0
7353,735400,275.5
7355,735600,220.5
7357,735800,165.5
7359,736000,299.0
7361,736200,185.0
7363,736400,230.5
7365,736600,260.0
7367,736800,207.0
7369,737000,214.5
7371,737200,202.5
7373,737400,223.0
7375,737600,185.5
7377,737800,217.0
7379,738000,221.0
7381,738200,167.5
7383,738400,161.0
7385,738600,143.5
7387,738800,165.0
7389,739000,183.0
7391,739200,155.0
7393,739400,231.0
7395,739600,132.0
7397,739800,274.0
7399,740000,245.0
7401,740200,162.5
7403,740400,180.0
7405,740600,232.0
7407,740800,261.0
7409,741000,266.0
7411,741200,166.0
7413,741400,192.0
7415,741600,246.0
7417,741800,221.0
7419,742000,201.0
7421,742200,233.0
7423,742400,126.0
7425,742600,193.5
7427,742800,247.5
7429,743000,362.0
7431,743200,236.0
7433,743400,192.5
7435,743600,183.5
7437,743800,229.5
7439,744000,207.5
7441,744200,171.0
7443,744400,218.5
7445,744600,169.5
7447,744800,234.0
7449,745000,289.0
7451,745200,256.0
7453,745400,202.5
7455,745600,219.0
7457,745800,149.0
7459,746000,224.0
7461,746200,245.0
7463,746400,179.0
7465,746600,164.0
7467,746800,211.0
7469,747000,212.0
7471,747200,161.0
7473,747400,231.0
7475,747600,294.5
7477,747800,242.5
7479,748000,220.5
7481,748200,183.5
7483,748400,135.5
7485,748600,253.5
7487,748800,246.5
7489,749000,201.0
7491,749200,228.0
7493,749400,244.5
7495,749600,254.5
7497,749800,265.5
7499,750000,263.0
7501,750200,230.0
7503,750400,156.0
7505,750600,202.5
7507,750800,247.0
7509,751000,347.0
7511,751200,185.5
7513,751400,242.5
7515,751600,316.5
7517,751800,166.0
7519,752000,182.0
7521,752200,281.0
7523,752400,212.5
7525,752600,198.0
7527,752800,266.5
7529,753000,119.5
7531,753200,242.0
7533,753400,124.5
7535,753600,201.0
7537,753800,175.0
7539,754000,211.5
7541,754200,225.5
7543,754400,129.5
7545,754600,200.5
7547,754800,269.5
7549,755000,224.0
7551,755200,200.5
7553,755400,231.0
7555,755600,214.0
7557,755800,178.5
7559,756000,166.0
7561,756200,302.5
7563,756400,168.0
7565,756600,167.5
7567,756800,231.5
7569,757000,261.5
7571,757200,184.0
7573,757400,243.5
7575,757600,242.5
7577,757800,283.0
7579,758000,283.0
7581,758200,248.5
7583,758400,124.5
7585,758600,156.0
7587,758800,231.0
7589,759000,94.5
7591,759200,240.5
7593,759400,253.5
7595,759600,214.5
7597,759800,191.0
7599,760000,228.5
7601,760200,204.0
7603,760400,252.5
7605,760600,227.0
7607,760800,246.5
7609,761000,200.0
7611,761200,234.5
7613,761400,194.0
7615,761600,185.0
7617,761800,230.5
7619,762000,162.5
7621,762200,201.5
7623,762400,190.0
7625,762600,228.5
7627,762800,225.5
7629,763000,304.0
7631,763200,159.0
7633,763400,281.5
7635,763600,207.5
7637,763800,238.0
7639,764000,103.0
7641,764200,149.5
7643,764400,207.5
7645,764600,190.5
7647,764800,264.5
7649,765000,161.0
7651,765200,204.0
7653,765400,207.0
7655,765600,161.5
7657,765800,158.0
7659,766000,268.0
7661,766200,165.5
7663,766400,246.0
7665,766600,208.5
7667,766800,272.0
7669,767000,203.5
7671,767200,243.0
7673,767400,281.0
7675,767600,244.0
7677,767800,111.0
7679,768000,193.5
7681,768200,252.5
7683,768400,110.0
7685,768600,222.5
7687,768800,187.5
7689,769000,231.5
7691,769200,232.5
7693,769400,142.5
7695,769600,232.0
7697,769800,223.5
7699,770000,210.5
7701,770200,198.5
7703,770400,213.5
7705,770600,211.0
7707,770800,197.0
7709,771000,231.5
7711,771200,195.5
7713,771400,278.0
7715,771600,307.5
7717,771800,257.5
7719,772000,212.5
7721,772200,161.5
7723,772400,116.0
7725,772600,193.0
7727,772800,204.0
7729,773000,254.5
7731,773200,234.0
7733,773400,188.0
7735,773600,235.0
7737,773800,166.5
7739,774000,272.5
7741,774200,194.0
7743,774400,193.5
7745,774600,158.0
7747,774800,127.5
7749,775000,260.0
7751,775200,159.0
7753,775400,307.0
7755,775600,186.5
7757,775800,199.5
7759,776000,159.0
7761,776200,229.5
7763,776400,339.0
7765,776600,226.5
7767,776800,219.5
7769,777000,135.0
7771,777200,200.0
7773,777400,298.0
7775,777600,206.5
7777,777800,188.5
7779,778000,199.5
7781,778200,211.0
7783,778400,180.5
7785,778600,233.5
7787,778800,165.5
7789,779000,190.5
7791,779200,252.0
7793,779400,170.5
7795,779600,284.5
7797,779800,220.5
7799,780000,216.5
7801,780200,238.0
7803,780400,197.5
7805,780600,265.5
7807,780800,249.0
7809,781000,209.5
7811,781200,190.5
7813,781400,232.5
7815,781600,169.0
7817,781800,280.0
7819,782000,215.5
7821,782200,310.5
7823,782400,170.5
7825,782600,174.0
7827,782800,234.0
7829,783000,284.5
7831,783200,254.0
7833,783400,167.5
7835,783600,175.5
7837,783800,250.0
7839,784000,206.0
7841,784200,179.0
7843,784400,174.0
7845,784600,274.5
7847,784800,209.5
7849,785000,167.5
7851,785200,206.0
7853,785400,197.0
7855,785600,216.5
7857,785800,152.5
7859,786000,157.5
7861,786200,261.5
7863,786400,237.5
7865,786600,209.0
7867,786800,265.5
7869,787000,146.5
7871,787200,236.5
7873,787400,194.5
7875,787600,240.0
7877,787800,204.5
7879,788000,132.5
7881,788200,183.5
7883,788400,226.0
7885,788600,222.5
7887,788800,233.0
7889,789000,213.0
7891,789200,223.0
7893,789400,224.0
7895,789600,172.5
7897,789800,194.5
7899,790000,212.5
7901,790200,160.0
7903,790400,108.5
7905,790600,206.5
7907,790800,124.5
7909,791000,210.0
7911,791200,139.0
7913,791400,179.0
7915,791600,203.0
7917,791800,219.0
7919,792000,171.0
7921,792200,224.5
7923,792400,234.0
7925,792600,183.0
7927,792800,266.5
7929,793000,210.0
7931,793200,172.0
7933,793400,216.0
7935,793600,279.5
7937,793800,196.5
7939,794000,215.0
7941,794200,150.0
7943,794400,262.0
7945,794600,217.5
7947,794800,235.5
7949,795000,210.5
7951,795200,261.0
7953,795400,268.5
7955,795600,286.5
7957,795800,185.5
7959,796000,297.5
7961,796200,168.0
7963,796400,153.5
7965,796600,230.0
7967,796800,282.5
7969,797000,231.0
7971,797200,175.5
7973,797400,231.5
7975,797600,183.0
7977,797800,193.5
7979,798000,224.5
7981,798200,157.5
7983,798400,203.0
7985,798600,222.5
7987,798800,131.5
7989,799000,167.5
7991,799200,133.0
7993,799400,180.5
7995,799600,245.5
7997,799800,220.0
7999,800000,228.5
8001,800200,116.5
8003,800400,178.5
8005,800600,156.5
8007,800800,230.0
8009,801000,182.5
8011,801200,100.0
8013,801400,134.5
8015,801600,212.5
8017,801800,205.5
8019,802000,240.0
8021,802200,148.5
8023,802400,179.0
8025,802600,178.5
8027,802800,189.5
8029,803000,211.5
8031,803200,274.5
8033,803400,192.5
8035,803600,238.5
8037,803800,186.0
8039,804000,215.0
8041,804200,190.5
8043,804400,174.0
8045,804600,152.0
8047,804800,206.0
8049,805000,163.0
8051,805200,164.0
8053,805400,136.5
8055,805600,249.0
8057,805800,116.5
8059,806000,198.0
8061,806200,247.5
8063,806400,223.5
8065,806600,166.5
8067,806800,153.0
8069,807000,114.0
8071,807200,202.5
8073,807400,208.5
8075,807600,224.5
8077,807800,221.0
8079,808000,178.5
8081,808200,237.0
8083,808400,210.5
8085,808600,205.5
8087,808800,194.5
8089,809000,216.0
8091,809200,196.0
8093,809400,184.5
8095,809600,211.0
8097,809800,183.5
8099,810000,233.0
8101,810200,155.5
8103,810400,287.5
8105,810600,216.5
8107,810800,187.5
8109,811000,285.0
8111,811200,165.0
8113,811400,216.5
8115,811600,232.5
8117,811800,269.0
8119,812000,136.5
8121,812200,288.0
8123,812400,127.5
8125,812600,147.5
8127,812800,165.0
8129,813000,203.5
8131,813200,220.0
8133,813400,160.0
8135,813600,180.5
8137,813800,161.0
8139,814000,149.0
8141,814200,197.5
8143,814400,114.5
8145,814600,145.0
8147,814800,231.0
8149,815000,215.0
8151,815200,230.0
8153,815400,244.0
8155,815600,276.0
8157,815800,203.5
8159,816000,128.5
8161,816200,225.0
8163,816400,221.0
8165,816600,229.5
8167,816800,274.0
8169,817000,215.5
8171,817200,217.0
8173,817400,188.5
8175,817600,202.5
8177,817800,179.5
8179,818000,119.5
8181,818200,216.5
8183,818400,179.5
8185,818600,151.5
8187,818800,208.0
8189,819000,164.5
8191,819200,202.0
8193,819400,221.0
8195,819600,245.5
8197,819800,237.5
8199,820000,235.5
8201,820200,200.5
8203,820400,213.0
8205,820600,173.0
8207,820800,159.5
8209,821000,193.0
8211,821200,169.0
8213,821400,258.5
8215,821600,165.5
8217,821800,233.0
8219,822000,153.5
8221,822200,161.5
8223,822400,208.0
8225,822600,241.0
8227,822800,228.5
8229,823000,287.0
8231,823200,216.5
8233,823400,165.0
8235,823600,202.0
8237,823800,178.5
8239,824000,220.5
8241,824200,240.5
8243,824400,179.5
8245,824600,216.0
8247,824800,281.0
8249,825000,190.0
8251,825200,152.0
8253,825400,240.0
8255,825600,216.5
8257,825800,183.5
8259,826000,224.0
8261,826200,150.5
8263,826400,220.5
8265,826600,110.5
8267,826800,247.5
8269,827000,261.0
8271,827200,184.0
8273,827400,223.5
8275,827600,277.0
8277,827800,198.5
8279,828000,177.5
8281,828200,172.5
8283,828400,257.5
8285,828600,246.0
8287,828800,209.5
8289,829000,236.0
8291,829200,200.5
8293,829400,264.5
8295,829600,216.0
8297,829800,219.5
8299,830000,268.5
8301,830200,216.5
8303,830400,283.5
8305,830600,269.0
8307,830800,317.0
8309,831000,201.0
8311,831200,206.0
8313,831400,249.0
8315,831600,231.5
8317,831800,191.0
8319,832000,274.5
8321,832200,208.5
8323,832400,191.5
8325,832600,202.5
8327,832800,228.5
8329,833000,191.0
8331,833200,263.0
8333,833400,250.5
8335,833600,261.5
8337,833800,279.0
8339,834000,225.5
8341,834200,233.5
8343,834400,238.0
8345,834600,202.5
8347,834800,201.5
8349,835000,297.5
8351,835200,175.5
8353,835400,164.0
8355,835600,151.5
8357,835800,140.0
8359,836000,153.0
8361,836200,229.5
8363,836400,178.5
8365,836600,241.5
8367,836800,212.5
8369,837000,137.5
8371,837200,264.5
8373,837400,231.5
8375,837600,203.0
8377,837800,246.5
8379,838000,241.0
8381,838200,226.5
8383,838400,223.5
8385,838600,253.5
8387,838800,238.0
8389,839000,195.0
8391,839200,232.0
8393,839400,256.0
8395,839600,242.0
8397,839800,221.5
8399,840000,267.0
8401,840200,227.5
8403,840400,232.0
8405,840600,251.5
8407,840800,171.5
8409,841000,178.0
8411,841200,249.5
8413,841400,268.5
8415,841600,204.0
8417,841800,187.5
8419,842000,218.5
8421,842200,167.0
8423,842400,199.0
8425,842600,162.5
8427,842800,236.5
8429,843000,230.5
8431,843200,227.5
8433,843400,182.0
8435,843600,263.0
8437,843800,164.5
8439,844000,156.5
8441,844200,208.0
8443,844400,158.5
8445,844600,227.5
8447,844800,213.0
8449,845000,241.5
8451,845200,202.5
8453,845400,168.0
8455,845600,166.0
8457,845800,242.0
8459,846000,272.5
8461,846200,323.0
8463,846400,248.0
8465,846600,262.5
8467,846800,220.0
8469,847000,283.0
8471,847200,192.5
8473,847400,198.0
8475,847600,266.5
8477,847800,276.5
8479,848000,187.5
8481,848200,260.5
8483,848400,244.0
8485,848600,144.0
8487,848800,110.5
8489,849000,227.0
8491,849200,214.5
8493,849400,183.5
8495,849600,264.0
8497,849800,276.5
8499,850000,321.0
8501,850200,202.5
8503,850400,170.5
8505,850600,220.0
8507,850800,207.0
8509,851000,217.5
8511,851200,226.0
8513,851400,214.5
8515,851600,250.5
8517,851800,181.5
8519,852000,195.5
8521,852200,124.0
8523,852400,207.0
8525,852600,181.0
8527,852800,224.0
8529,853000,177.0
8531,853200,223.5
8533,853400,245.0
8535,853600,272.0
8537,853800,177.5
8539,854000,265.5
8541,854200,222.5
8543,854400,164.5
8545,854600,279.0
8547,854800,171.0
8549,855000,221.0
8551,855200,227.0
8553,855400,204.0
8555,855600,276.5
8557,855800,184.0
8559,856000,168.5
8561,856200,237.5
8563,856400,242.5
8565,856600,265.0
8567,856800,87.0
8569,857000,238.0
8571,857200,221.5
8573,857400,237.0
8575,857600,244.0
8577,857800,214.0
8579,858000,253.0
8581,858200,249.5
8583,858400,268.5
8585,858600,237.5
8587,858800,174.5
8589,859000,235.0
8591,859200,219.0
8593,859400,255.0
8595,859600,140.0
8597,859800,224.0
8599,860000,191.0
8601,860200,136.5
8603,860400,255.5
8605,860600,190.5
8607,860800,283.0
8609,861000,198.0
8611,861200,171.5
8613,861400,169.0
8615,861600,232.0
8617,861800,226.5
8619,862000,216.0
8621,862200,275.0
8623,862400,178.5
8625,862600,187.0
8627,862800,230.5
8629,863000,176.5
8631,863200,191.0
8633,863400,206.5
8635,863600,186.0
8637,863800,264.0
8639,864000,223.5
8641,864200,117.0
8643,864400,251.5
8645,864600,247.5
8647,864800,235.0
8649,865000,249.5
8651,865200,261.0
8653,865400,255.5
8655,865600,178.0
8657,865800,199.5
8659,866000,200.5
8661,866200,132.5
8663,866400,258.5
8665,866600,202.0
8667,866800,230.0
8669,867000,315.0
8671,867200,270.5
8673,867400,219.5
8675,867600,191.5
8677,867800,307.5
8679,868000,192.0
8681,868200,204.0
8683,868400,149.5
8685,868600,275.0
8687,868800,157.5
8689,869000,245.0
8691,869200,262.5
8693,869400,177.5
8695,869600,199.0
8697,869800,237.0
8699,870000,205.5
8701,870200,208.5
8703,870400,150.0
8705,870600,210.5
8707,870800,133.0
8709,871000,225.5
8711,871200,229.0
8713,871400,249.5
8715,871600,240.0
8717,871800,202.0
8719,872000,264.5
8721,872200,262.5
8723,872400,235.0
8725,872600,249.0
8727,872800,233.0
8729,873000,267.5
8731,873200,196.5
8733,873400,201.0
8735,873600,188.0
8737,873800,242.5
8739,874000,255.5
8741,874200,178.5
8743,874400,155.0
8745,874600,253.0
8747,874800,199.5
8749,875000,236.5
8751,875200,213.5
8753,875400,240.5
8755,875600,175.0
8757,875800,178.5
8759,876000,239.0
8761,876200,209.0
8763,876400,183.0
8765,876600,171.0
8767,876800,221.5
8769,877000,117.5
8771,877200,187.0
8773,877400,216.5
8775,877600,269.0
8777,877800,267.0
8779,878000,213.0
8781,878200,332.5
8783,878400,246.5
8785,878600,180.5
8787,878800,238.5
8789,879000,163.5
8791,879200,251.5
8793,879400,222.0
8795,879600,298.0
8797,879800,194.5
8799,880000,194.5
8801,880200,246.5
8803,880400,214.5
8805,880600,189.0
8807,880800,201.0
8809,881000,250.0
8811,881200,221.0
8813,881400,277.0
8815,881600,209.0
8817,881800,240.0
8819,882000,291.0
8821,882200,273.5
8823,882400,213.0
8825,882600,215.0
8827,882800,292.0
8829,883000,262.0
8831,883200,297.0
8833,883400,268.0
8835,883600,180.0
8837,883800,216.0
8839,884000,211.5
8841,884200,298.5
8843,884400,274.5
8845,884600,162.0
8847,884800,223.0
8849,885000,183.5
8851,885200,205.0
8853,885400,180.0
8855,885600,259.5
8857,885800,196.0
8859,886000,258.0
8861,886200,254.5
8863,886400,218.0
8865,886600,140.5
8867,886800,220.5
8869,887000,228.0
8871,887200,167.5
8873,887400,220.0
8875,887600,205.5
8877,887800,284.0
8879,888000,219.0
8881,888200,129.5
8883,888400,196.0
8885,888600,169.5
8887,888800,185.5
8889,889000,231.0
8891,889200,224.5
8893,889400,203.5
8895,889600,299.0
8897,889800,208.5
8899,890000,250.5
8901,890200,161.0
8903,890400,278.0
8905,890600,219.0
8907,890800,209.5
8909,891000,305.0
8911,891200,180.0
8913,891400,262.5
8915,891600,125.0
8917,891800,192.5
8919,892000,232.5
8921,892200,223.0
8923,892400,209.5
8925,892600,298.5
8927,892800,267.0
8929,893000,206.5
8931,893200,258.0
8933,893400,223.5
8935,893600,166.5
8937,893800,177.5
8939,894000,190.5
8941,894200,241.0
8943,894400,205.0
8945,894600,125.0
8947,894800,215.0
8949,895000,246.0
8951,895200,220.0
8953,895400,258.5
8955,895600,218.5
8957,895800,182.0
8959,896000,202.0
8961,896200,201.0
8963,896400,258.5
8965,896600,236.0
8967,896800,257.0
8969,897000,165.0
8971,897200,271.0
8973,897400,273.5
8975,897600,228.5
8977,897800,247.0
8979,898000,164.0
8981,898200,272.5
8983,898400,238.5
8985,898600,228.5
8987,898800,305.5
8989,899000,207.0
8991,899200,196.0
8993,899400,248.5
8995,899600,200.0
8997,899800,284.0
8999,900000,266.0
